time,temperature,humidity,precipitation,cloud_cover,pressure_msl,wind_speed_10m,shortwave_radiation
2020-01-01 12:00:00,22.4,69,0.0,98,1024.1,8.5,202.0
2020-01-02 12:00:00,23.0,78,0.2,100,1022.7,8.4,158.0
2020-01-03 12:00:00,23.0,81,0.1,100,1020.4,9.6,212.0
2020-01-04 12:00:00,22.5,87,0.5,100,1018.5,14.4,213.0
2020-01-05 12:00:00,25.2,69,0.4,100,1017.3,14.8,411.0
2020-01-06 12:00:00,25.8,67,0.0,64,1016.0,22.6,479.0
2020-01-07 12:00:00,26.0,70,0.0,63,1016.4,10.1,545.0
2020-01-08 12:00:00,25.8,70,0.2,60,1017.0,17.0,473.0
2020-01-09 12:00:00,26.8,62,0.0,100,1015.4,13.8,441.0
2020-01-10 12:00:00,27.1,58,0.0,100,1013.4,18.7,580.0
2020-01-11 12:00:00,26.5,64,0.0,100,1014.0,7.6,582.0
2020-01-12 12:00:00,16.5,67,0.0,100,1019.7,10.9,262.0
2020-01-13 12:00:00,20.0,73,0.0,100,1016.2,7.2,311.0
2020-01-14 12:00:00,22.8,78,0.0,100,1015.1,7.9,311.0
2020-01-15 12:00:00,25.0,72,0.2,66,1013.3,26.7,415.0
2020-01-16 12:00:00,25.6,69,0.4,39,1015.2,10.5,477.0
2020-01-17 12:00:00,15.7,80,0.2,100,1020.8,11.0,239.0
2020-01-18 12:00:00,17.0,83,0.1,100,1018.3,6.5,147.0
2020-01-19 12:00:00,16.0,74,0.1,100,1021.7,15.5,246.0
2020-01-20 12:00:00,16.6,79,0.0,100,1020.8,6.0,237.0
2020-01-21 12:00:00,23.7,69,0.0,80,1019.3,13.0,594.0
2020-01-22 12:00:00,24.9,73,0.1,100,1016.3,13.6,267.0
2020-01-23 12:00:00,25.7,72,0.3,100,1014.3,17.5,327.0
2020-01-24 12:00:00,24.4,83,0.6,96,1013.7,19.2,171.0
2020-01-25 12:00:00,17.2,74,0.4,100,1015.1,20.0,180.0
2020-01-26 12:00:00,16.5,56,0.0,46,1019.9,12.9,454.0
2020-01-27 12:00:00,16.5,54,0.0,46,1017.7,10.4,635.0
2020-01-28 12:00:00,15.8,56,0.0,84,1019.5,11.7,411.0
2020-01-29 12:00:00,15.6,56,0.0,51,1023.4,14.8,584.0
2020-01-30 12:00:00,18.5,46,0.0,2,1023.3,8.2,757.0
2020-01-31 12:00:00,20.1,54,0.0,99,1020.5,10.7,738.0
2020-02-01 12:00:00,16.1,89,0.3,100,1019.7,7.9,110.0
2020-02-02 12:00:00,21.1,79,0.0,100,1019.1,6.5,248.0
2020-02-03 12:00:00,20.8,94,1.1,100,1017.5,8.9,206.0
2020-02-04 12:00:00,15.6,81,0.1,100,1020.2,14.2,210.0
2020-02-05 12:00:00,16.9,80,0.0,100,1018.8,3.9,316.0
2020-02-06 12:00:00,20.5,81,0.1,100,1017.1,5.0,302.0
2020-02-07 12:00:00,20.6,94,1.4,100,1019.2,7.2,184.0
2020-02-08 12:00:00,17.7,87,0.4,100,1023.4,15.3,156.0
2020-02-09 12:00:00,15.4,76,0.3,100,1027.3,11.9,170.0
2020-02-10 12:00:00,19.3,68,0.0,98,1022.0,5.9,675.0
2020-02-11 12:00:00,22.3,72,0.1,100,1018.8,13.3,361.0
2020-02-12 12:00:00,21.6,86,0.1,100,1016.0,3.3,179.0
2020-02-13 12:00:00,23.8,86,0.3,100,1011.4,12.6,261.0
2020-02-14 12:00:00,26.9,74,0.1,99,1007.6,13.6,352.0
2020-02-15 12:00:00,27.6,71,0.0,100,1009.3,3.2,473.0
2020-02-16 12:00:00,16.9,46,0.0,100,1024.4,20.7,367.0
2020-02-17 12:00:00,18.1,44,0.0,27,1027.8,15.1,668.0
2020-02-18 12:00:00,19.0,39,0.0,7,1025.5,5.2,769.0
2020-02-19 12:00:00,19.0,59,0.0,100,1023.6,2.9,428.0
2020-02-20 12:00:00,20.1,80,0.0,100,1023.1,1.3,287.0
2020-02-21 12:00:00,23.5,68,0.1,59,1025.7,10.0,290.0
2020-02-22 12:00:00,24.0,62,0.0,69,1026.7,10.0,603.0
2020-02-23 12:00:00,24.1,61,0.0,34,1023.9,8.9,687.0
2020-02-24 12:00:00,24.1,62,0.0,100,1018.8,13.1,393.0
2020-02-25 12:00:00,24.8,63,0.0,99,1016.7,14.4,425.0
2020-02-26 12:00:00,25.5,61,0.0,96,1017.8,12.0,411.0
2020-02-27 12:00:00,24.8,70,0.0,98,1017.9,8.0,364.0
2020-02-28 12:00:00,25.9,63,0.0,95,1015.6,15.3,398.0
2020-02-29 12:00:00,26.1,64,0.0,100,1013.2,14.4,394.0
2020-03-01 12:00:00,26.5,70,0.1,100,1013.1,11.7,390.0
2020-03-02 12:00:00,26.3,74,0.5,90,1013.1,18.8,453.0
2020-03-03 12:00:00,25.9,75,0.4,98,1013.7,19.5,420.0
2020-03-04 12:00:00,18.4,75,0.3,99,1018.5,16.0,326.0
2020-03-05 12:00:00,17.2,75,0.0,100,1019.6,8.2,222.0
2020-03-06 12:00:00,23.0,71,0.0,96,1015.0,6.9,726.0
2020-03-07 12:00:00,24.2,74,0.0,65,1011.4,4.7,424.0
2020-03-08 12:00:00,27.0,72,0.0,83,1005.6,4.4,716.0
2020-03-09 12:00:00,29.8,65,0.0,1,1005.1,5.6,785.0
2020-03-10 12:00:00,23.5,58,0.0,100,1016.2,19.8,299.0
2020-03-11 12:00:00,21.5,69,0.0,100,1016.3,3.0,434.0
2020-03-12 12:00:00,25.7,68,0.0,100,1012.5,6.0,421.0
2020-03-13 12:00:00,27.0,74,0.0,100,1013.2,4.0,312.0
2020-03-14 12:00:00,21.3,73,0.1,100,1018.8,12.6,206.0
2020-03-15 12:00:00,21.1,74,0.0,100,1018.2,3.4,305.0
2020-03-16 12:00:00,24.5,76,0.0,100,1015.3,4.8,373.0
2020-03-17 12:00:00,24.7,92,0.6,100,1015.2,15.0,195.0
2020-03-18 12:00:00,20.2,86,0.2,100,1014.2,7.4,146.0
2020-03-19 12:00:00,20.5,82,0.2,100,1015.1,16.2,186.0
2020-03-20 12:00:00,23.5,70,0.0,100,1014.2,1.5,417.0
2020-03-21 12:00:00,27.5,73,0.1,100,1011.9,15.0,461.0
2020-03-22 12:00:00,28.1,74,0.1,100,1011.7,11.8,351.0
2020-03-23 12:00:00,27.6,73,0.1,100,1012.5,9.8,300.0
2020-03-24 12:00:00,28.0,67,0.0,100,1011.6,15.1,564.0
2020-03-25 12:00:00,28.0,67,0.2,99,1010.0,20.4,520.0
2020-03-26 12:00:00,28.9,70,0.3,36,1009.4,17.0,534.0
2020-03-27 12:00:00,29.4,71,0.0,98,1008.8,8.7,500.0
2020-03-28 12:00:00,24.1,85,0.4,100,1011.1,17.6,314.0
2020-03-29 12:00:00,27.1,83,0.2,98,1008.7,15.5,262.0
2020-03-30 12:00:00,19.8,83,0.2,100,1011.4,15.3,252.0
2020-03-31 12:00:00,20.1,78,0.0,100,1014.0,15.8,376.0
2020-04-01 12:00:00,21.9,77,0.0,100,1014.0,4.1,433.0
2020-04-02 12:00:00,22.8,86,0.4,98,1013.7,6.8,283.0
2020-04-03 12:00:00,25.1,89,0.4,100,1013.6,8.3,191.0
2020-04-04 12:00:00,19.8,84,0.3,100,1017.5,15.5,164.0
2020-04-05 12:00:00,19.3,75,0.0,99,1019.2,14.5,241.0
2020-04-06 12:00:00,19.5,75,0.0,50,1017.2,11.3,453.0
2020-04-07 12:00:00,21.2,69,0.0,100,1016.6,7.1,393.0
2020-04-08 12:00:00,23.5,70,0.0,97,1016.2,5.2,595.0
2020-04-09 12:00:00,25.5,65,0.0,100,1016.8,2.0,554.0
2020-04-10 12:00:00,26.9,70,0.0,100,1015.3,12.6,452.0
2020-04-11 12:00:00,28.5,72,0.0,68,1013.2,9.2,533.0
2020-04-12 12:00:00,17.9,74,1.1,100,1021.1,8.3,140.0
2020-04-13 12:00:00,17.2,71,0.7,94,1022.1,14.8,350.0
2020-04-14 12:00:00,21.2,64,0.0,44,1017.3,1.6,853.0
2020-04-15 12:00:00,24.2,68,0.0,99,1014.2,10.4,583.0
2020-04-16 12:00:00,26.5,76,0.2,100,1011.2,16.8,380.0
2020-04-17 12:00:00,27.5,80,0.1,100,1011.7,15.8,316.0
2020-04-18 12:00:00,29.2,70,0.0,86,1010.4,13.0,546.0
2020-04-19 12:00:00,28.1,78,0.0,100,1009.9,3.4,304.0
2020-04-20 12:00:00,29.5,74,0.0,100,1010.1,14.8,355.0
2020-04-21 12:00:00,30.4,71,0.0,100,1008.8,7.2,441.0
2020-04-22 12:00:00,24.1,89,11.0,98,1011.8,17.3,128.0
2020-04-23 12:00:00,19.7,85,3.9,100,1017.7,16.7,226.0
2020-04-24 12:00:00,16.9,84,2.1,100,1020.9,15.5,150.0
2020-04-25 12:00:00,21.4,69,0.0,63,1018.7,9.2,776.0
2020-04-26 12:00:00,22.8,63,0.0,80,1020.2,14.3,727.0
2020-04-27 12:00:00,25.8,63,0.0,10,1019.4,9.7,876.0
2020-04-28 12:00:00,27.9,59,0.0,70,1016.8,4.6,898.0
2020-04-29 12:00:00,27.4,58,0.0,80,1015.4,6.6,764.0
2020-04-30 12:00:00,28.1,63,0.0,100,1014.5,10.6,704.0
2020-05-01 12:00:00,27.9,71,0.2,100,1011.5,12.9,388.0
2020-05-02 12:00:00,29.0,70,0.0,100,1009.1,8.6,489.0
2020-05-03 12:00:00,30.3,72,0.1,100,1008.3,8.4,446.0
2020-05-04 12:00:00,33.0,65,0.0,8,1008.1,6.5,796.0
2020-05-05 12:00:00,33.0,68,0.0,32,1006.5,5.7,750.0
2020-05-06 12:00:00,33.5,68,0.0,76,1005.2,14.0,843.0
2020-05-07 12:00:00,34.8,68,0.0,82,1004.4,11.8,901.0
2020-05-08 12:00:00,34.4,69,0.0,91,1004.0,10.1,838.0
2020-05-09 12:00:00,34.9,69,0.0,0,1005.6,7.0,901.0
2020-05-10 12:00:00,33.4,69,0.0,26,1007.2,4.7,802.0
2020-05-11 12:00:00,32.8,67,0.0,100,1009.2,11.2,557.0
2020-05-12 12:00:00,26.0,85,1.9,100,1012.3,10.2,307.0
2020-05-13 12:00:00,30.0,79,0.3,84,1009.1,15.8,603.0
2020-05-14 12:00:00,29.9,76,0.0,89,1007.3,17.7,549.0
2020-05-15 12:00:00,33.4,66,0.0,11,1003.8,13.6,927.0
2020-05-16 12:00:00,33.5,62,0.0,8,1004.8,8.9,855.0
2020-05-17 12:00:00,31.6,74,0.3,94,1003.8,6.1,676.0
2020-05-18 12:00:00,30.0,73,0.1,73,1003.5,8.4,558.0
2020-05-19 12:00:00,31.3,71,0.1,96,1003.3,6.2,648.0
2020-05-20 12:00:00,33.4,69,0.0,100,1002.1,7.3,764.0
2020-05-21 12:00:00,36.3,56,0.0,94,1000.9,8.8,930.0
2020-05-22 12:00:00,30.8,70,0.3,100,1005.1,10.6,374.0
2020-05-23 12:00:00,29.6,76,0.1,100,1006.6,10.3,376.0
2020-05-24 12:00:00,31.6,72,0.1,100,1006.6,7.3,498.0
2020-05-25 12:00:00,34.0,64,0.0,57,1005.6,4.3,839.0
2020-05-26 12:00:00,29.9,66,0.0,56,1008.7,15.3,902.0
2020-05-27 12:00:00,28.6,63,0.0,100,1010.9,12.0,649.0
2020-05-28 12:00:00,28.5,73,0.2,97,1009.7,2.3,485.0
2020-05-29 12:00:00,30.0,74,0.0,100,1007.0,15.5,272.0
2020-05-30 12:00:00,32.3,70,0.2,62,1007.3,5.9,820.0
2020-05-31 12:00:00,33.6,67,0.0,92,1007.7,8.6,915.0
2020-06-01 12:00:00,33.0,67,0.1,50,1006.3,3.6,807.0
2020-06-02 12:00:00,34.2,61,0.0,44,1004.6,9.3,881.0
2020-06-03 12:00:00,34.1,62,0.0,75,1004.4,8.7,930.0
2020-06-04 12:00:00,34.4,63,0.0,90,1004.0,4.6,904.0
2020-06-05 12:00:00,34.0,61,0.0,97,1003.7,8.5,748.0
2020-06-06 12:00:00,34.5,62,0.0,100,1002.5,5.1,759.0
2020-06-07 12:00:00,36.2,51,0.0,100,1000.5,12.6,920.0
2020-06-08 12:00:00,35.8,50,0.0,100,1001.4,15.1,774.0
2020-06-09 12:00:00,36.2,51,0.0,100,1003.6,7.4,800.0
2020-06-10 12:00:00,30.5,79,6.2,100,1005.9,15.9,498.0
2020-06-11 12:00:00,32.5,69,0.0,100,1003.8,10.5,341.0
2020-06-12 12:00:00,35.2,55,0.0,46,1001.1,12.7,911.0
2020-06-13 12:00:00,35.0,58,0.2,72,1000.9,5.0,842.0
2020-06-14 12:00:00,30.9,76,0.7,85,1003.7,4.8,565.0
2020-06-15 12:00:00,28.2,86,0.6,100,1007.1,10.4,253.0
2020-06-16 12:00:00,32.5,67,0.1,76,1004.1,10.5,774.0
2020-06-17 12:00:00,33.2,62,0.0,91,1002.7,16.6,773.0
2020-06-18 12:00:00,33.0,65,0.2,62,1003.9,7.6,802.0
2020-06-19 12:00:00,31.8,70,1.2,90,1005.8,4.7,732.0
2020-06-20 12:00:00,33.0,67,0.1,92,1005.0,10.2,760.0
2020-06-21 12:00:00,35.2,59,0.0,65,1001.7,12.7,900.0
2020-06-22 12:00:00,36.2,55,0.0,70,1002.0,11.9,934.0
2020-06-23 12:00:00,36.2,55,0.0,100,1003.3,9.4,914.0
2020-06-24 12:00:00,36.0,53,0.0,100,1002.2,11.5,882.0
2020-06-25 12:00:00,33.5,67,0.0,100,1001.6,3.9,576.0
2020-06-26 12:00:00,34.9,54,0.0,99,1001.7,4.5,684.0
2020-06-27 12:00:00,36.0,50,0.0,98,1003.0,16.6,835.0
2020-06-28 12:00:00,35.8,50,0.0,88,1003.2,13.3,845.0
2020-06-29 12:00:00,33.3,65,0.1,100,1003.0,10.3,543.0
2020-06-30 12:00:00,34.1,65,0.0,98,1002.1,5.7,716.0
2020-07-01 12:00:00,33.6,64,0.0,99,1000.7,7.6,397.0
2020-07-02 12:00:00,31.0,81,0.6,100,1001.2,5.4,460.0
2020-07-03 12:00:00,31.2,77,0.2,98,1004.4,11.0,504.0
2020-07-04 12:00:00,30.2,76,0.5,98,1005.7,9.6,361.0
2020-07-05 12:00:00,32.1,77,0.4,100,1003.8,8.9,720.0
2020-07-06 12:00:00,33.7,65,0.0,95,1002.9,16.3,767.0
2020-07-07 12:00:00,33.2,69,0.0,97,1005.5,14.1,633.0
2020-07-08 12:00:00,35.3,60,0.0,100,1003.3,10.7,901.0
2020-07-09 12:00:00,35.4,52,0.0,99,999.8,15.8,851.0
2020-07-10 12:00:00,35.0,55,0.0,100,1000.5,15.6,640.0
2020-07-11 12:00:00,33.0,60,0.0,100,1002.1,12.6,409.0
2020-07-12 12:00:00,30.8,74,0.0,100,1003.2,9.2,271.0
2020-07-13 12:00:00,33.5,69,0.8,31,1005.3,4.9,857.0
2020-07-14 12:00:00,32.2,77,0.1,100,1006.4,2.9,753.0
2020-07-15 12:00:00,35.2,56,0.0,20,1004.5,9.1,896.0
2020-07-16 12:00:00,34.3,63,0.0,82,1003.0,13.5,738.0
2020-07-17 12:00:00,36.0,48,0.0,90,1003.7,10.8,943.0
2020-07-18 12:00:00,36.2,49,0.0,88,1004.0,12.1,821.0
2020-07-19 12:00:00,36.3,52,0.0,98,1002.6,9.2,837.0
2020-07-20 12:00:00,33.4,62,0.0,100,1005.3,12.2,606.0
2020-07-21 12:00:00,32.8,73,0.1,90,1007.8,15.0,771.0
2020-07-22 12:00:00,33.0,66,0.1,35,1006.9,16.3,873.0
2020-07-23 12:00:00,33.5,66,0.0,23,1006.7,11.4,843.0
2020-07-24 12:00:00,33.9,65,0.0,30,1007.5,11.0,825.0
2020-07-25 12:00:00,34.7,62,0.0,26,1005.8,9.2,902.0
2020-07-26 12:00:00,36.2,54,0.0,100,1004.1,8.6,914.0
2020-07-27 12:00:00,30.9,73,2.1,100,1004.4,10.5,348.0
2020-07-28 12:00:00,30.6,76,0.3,93,1006.2,1.5,526.0
2020-07-29 12:00:00,31.5,78,0.1,87,1005.9,5.0,721.0
2020-07-30 12:00:00,32.8,67,0.0,20,1005.2,2.9,840.0
2020-07-31 12:00:00,32.8,68,0.0,94,1003.5,6.2,702.0
2020-08-01 12:00:00,28.5,81,2.0,100,999.8,17.4,342.0
2020-08-02 12:00:00,27.5,90,1.1,100,997.7,23.1,101.0
2020-08-03 12:00:00,27.8,87,0.3,100,999.8,15.6,256.0
2020-08-04 12:00:00,27.2,92,1.0,100,1001.7,9.6,272.0
2020-08-05 12:00:00,28.1,86,0.2,100,1003.5,14.8,369.0
2020-08-06 12:00:00,27.8,89,0.7,100,1006.2,10.5,214.0
2020-08-07 12:00:00,28.9,83,1.1,99,1006.2,15.6,380.0
2020-08-08 12:00:00,32.2,78,0.1,93,1004.4,13.2,892.0
2020-08-09 12:00:00,32.0,77,0.2,97,1002.2,9.6,565.0
2020-08-10 12:00:00,33.4,69,0.1,91,1001.3,8.4,736.0
2020-08-11 12:00:00,34.0,61,0.0,94,1001.5,9.1,853.0
2020-08-12 12:00:00,32.8,72,0.1,100,1004.3,15.5,762.0
2020-08-13 12:00:00,30.1,88,0.3,85,1005.8,9.2,580.0
2020-08-14 12:00:00,27.2,91,1.7,100,1006.6,14.2,138.0
2020-08-15 12:00:00,30.4,71,0.1,98,1005.2,17.5,549.0
2020-08-16 12:00:00,30.8,75,0.2,92,1003.9,10.8,685.0
2020-08-17 12:00:00,27.6,82,0.1,98,1004.6,12.8,325.0
2020-08-18 12:00:00,27.1,84,0.2,100,1005.7,9.7,470.0
2020-08-19 12:00:00,27.0,91,0.4,100,1005.4,2.5,285.0
2020-08-20 12:00:00,29.4,81,0.1,96,1006.5,2.7,646.0
2020-08-21 12:00:00,27.1,85,0.3,93,1009.0,2.9,243.0
2020-08-22 12:00:00,29.4,84,0.1,65,1008.0,4.9,657.0
2020-08-23 12:00:00,31.2,80,0.2,59,1005.8,9.4,810.0
2020-08-24 12:00:00,32.5,67,0.0,84,1003.7,4.8,742.0
2020-08-25 12:00:00,31.9,69,0.0,100,1003.3,10.8,633.0
2020-08-26 12:00:00,33.2,69,0.0,86,1001.5,11.0,862.0
2020-08-27 12:00:00,33.5,69,0.0,45,1000.8,1.1,800.0
2020-08-28 12:00:00,31.0,77,1.1,77,1002.7,4.8,523.0
2020-08-29 12:00:00,32.2,73,0.1,94,1004.4,2.2,709.0
2020-08-30 12:00:00,31.1,81,0.2,48,1005.5,9.7,747.0
2020-08-31 12:00:00,31.5,73,0.1,99,1007.9,7.1,692.0
2020-09-01 12:00:00,33.3,64,0.0,24,1007.3,9.0,860.0
2020-09-02 12:00:00,33.8,63,0.0,28,1007.8,5.5,882.0
2020-09-03 12:00:00,31.0,78,0.2,99,1009.0,5.1,640.0
2020-09-04 12:00:00,32.5,71,0.1,56,1008.1,2.5,708.0
2020-09-05 12:00:00,32.8,71,0.1,30,1005.5,10.5,733.0
2020-09-06 12:00:00,33.8,65,0.0,90,1003.3,5.0,713.0
2020-09-07 12:00:00,27.9,85,0.6,100,1005.4,5.7,245.0
2020-09-08 12:00:00,29.4,79,0.1,99,1008.6,3.5,490.0
2020-09-09 12:00:00,28.3,83,0.3,99,1009.0,11.6,368.0
2020-09-10 12:00:00,29.8,82,0.3,93,1004.7,13.6,296.0
2020-09-11 12:00:00,28.8,85,8.0,100,1006.2,12.5,443.0
2020-09-12 12:00:00,29.5,86,0.2,100,1009.3,4.0,338.0
2020-09-13 12:00:00,30.9,76,0.1,93,1010.1,7.5,644.0
2020-09-14 12:00:00,30.6,72,0.8,97,1008.8,12.1,728.0
2020-09-15 12:00:00,31.0,82,0.4,76,1007.2,11.4,714.0
2020-09-16 12:00:00,28.6,86,3.5,100,1006.3,9.7,274.0
2020-09-17 12:00:00,31.2,75,0.0,97,1005.4,9.1,509.0
2020-09-18 12:00:00,28.1,64,0.8,86,1006.9,26.0,614.0
2020-09-19 12:00:00,25.8,87,3.7,100,1008.3,10.1,178.0
2020-09-20 12:00:00,25.5,87,0.9,100,1010.2,7.4,194.0
2020-09-21 12:00:00,29.0,78,0.0,98,1008.8,11.3,415.0
2020-09-22 12:00:00,29.4,84,0.3,99,1008.2,9.6,534.0
2020-09-23 12:00:00,28.1,83,0.2,99,1009.1,9.6,353.0
2020-09-24 12:00:00,26.2,79,0.0,100,1012.3,15.0,502.0
2020-09-25 12:00:00,28.2,86,2.8,99,1008.2,8.7,452.0
2020-09-26 12:00:00,30.5,76,0.2,84,1006.4,13.6,544.0
2020-09-27 12:00:00,26.8,86,0.9,100,1009.3,11.3,436.0
2020-09-28 12:00:00,28.6,73,0.0,100,1009.7,7.8,507.0
2020-09-29 12:00:00,30.5,80,0.2,70,1007.2,4.7,680.0
2020-09-30 12:00:00,30.9,76,0.3,88,1006.4,4.3,595.0
2020-10-01 12:00:00,29.0,80,0.3,99,1007.8,7.5,556.0
2020-10-02 12:00:00,29.8,80,0.2,73,1008.2,6.0,563.0
2020-10-03 12:00:00,29.8,84,0.4,97,1009.1,7.1,579.0
2020-10-04 12:00:00,30.1,83,0.9,89,1009.1,9.7,630.0
2020-10-05 12:00:00,28.2,82,4.3,53,1010.2,9.7,380.0
2020-10-06 12:00:00,26.6,71,0.0,95,1014.3,11.6,367.0
2020-10-07 12:00:00,27.0,64,0.0,41,1015.7,15.4,817.0
2020-10-08 12:00:00,25.9,62,0.0,85,1016.2,19.2,795.0
2020-10-09 12:00:00,26.5,58,0.0,20,1016.6,19.6,823.0
2020-10-10 12:00:00,26.2,58,0.0,49,1014.9,16.2,848.0
2020-10-11 12:00:00,26.5,60,0.0,94,1012.0,15.1,802.0
2020-10-12 12:00:00,28.0,60,0.0,100,1010.9,19.6,746.0
2020-10-13 12:00:00,29.1,57,0.0,100,1009.3,16.9,773.0
2020-10-14 12:00:00,23.1,87,5.6,100,1007.2,25.5,68.0
2020-10-15 12:00:00,23.9,82,0.4,100,1011.4,15.5,202.0
2020-10-16 12:00:00,26.7,66,0.0,99,1013.4,22.2,361.0
2020-10-17 12:00:00,24.0,61,0.0,100,1016.5,18.7,434.0
2020-10-18 12:00:00,21.0,82,0.8,100,1016.0,12.4,151.0
2020-10-19 12:00:00,21.4,66,0.0,97,1017.2,17.2,220.0
2020-10-20 12:00:00,22.6,63,0.0,100,1017.8,17.9,501.0
2020-10-21 12:00:00,24.6,53,0.0,0,1017.3,19.4,805.0
2020-10-22 12:00:00,26.4,44,0.0,90,1014.7,22.0,815.0
2020-10-23 12:00:00,26.3,43,0.0,23,1014.2,18.4,827.0
2020-10-24 12:00:00,25.5,52,0.0,83,1014.4,11.7,819.0
2020-10-25 12:00:00,24.0,59,0.0,100,1014.5,9.4,191.0
2020-10-26 12:00:00,23.2,78,0.1,100,1014.5,13.8,270.0
2020-10-27 12:00:00,27.8,67,0.0,66,1013.2,11.7,626.0
2020-10-28 12:00:00,28.9,62,0.0,100,1012.6,21.0,674.0
2020-10-29 12:00:00,22.4,82,0.6,100,1015.7,20.1,184.0
2020-10-30 12:00:00,22.0,83,0.6,100,1018.4,15.5,261.0
2020-10-31 12:00:00,23.9,76,0.0,100,1018.1,8.3,316.0
2020-11-01 12:00:00,27.5,67,0.0,52,1015.7,4.0,704.0
2020-11-02 12:00:00,26.8,65,0.0,19,1016.9,23.4,626.0
2020-11-03 12:00:00,23.2,59,0.0,16,1019.1,13.3,674.0
2020-11-04 12:00:00,23.0,62,0.0,97,1018.3,10.3,473.0
2020-11-05 12:00:00,25.5,62,0.0,100,1016.8,3.4,717.0
2020-11-06 12:00:00,26.5,65,0.0,64,1018.3,11.2,451.0
2020-11-07 12:00:00,25.9,57,0.0,52,1019.8,16.3,609.0
2020-11-08 12:00:00,26.4,51,0.0,9,1020.6,15.5,733.0
2020-11-09 12:00:00,25.6,43,0.0,0,1019.7,19.1,775.0
2020-11-10 12:00:00,25.0,45,0.0,99,1020.1,16.8,767.0
2020-11-11 12:00:00,23.7,46,0.0,100,1021.5,12.6,351.0
2020-11-12 12:00:00,25.9,45,0.0,5,1020.9,10.6,732.0
2020-11-13 12:00:00,26.3,45,0.0,0,1018.3,13.7,767.0
2020-11-14 12:00:00,26.0,44,0.0,0,1018.3,15.3,770.0
2020-11-15 12:00:00,20.0,85,0.4,100,1019.2,15.0,175.0
2020-11-16 12:00:00,21.7,89,0.1,100,1016.4,9.4,148.0
2020-11-17 12:00:00,27.6,70,0.0,66,1012.9,10.9,531.0
2020-11-18 12:00:00,27.8,68,0.0,84,1011.4,15.0,456.0
2020-11-19 12:00:00,26.7,76,0.0,100,1010.9,6.0,348.0
2020-11-20 12:00:00,28.0,69,0.0,100,1011.6,13.9,433.0
2020-11-21 12:00:00,27.6,71,0.1,100,1012.2,11.5,383.0
2020-11-22 12:00:00,26.9,76,0.3,46,1015.9,8.8,489.0
2020-11-23 12:00:00,27.5,73,0.3,57,1017.3,10.9,526.0
2020-11-24 12:00:00,24.5,76,0.1,100,1018.1,6.0,262.0
2020-11-25 12:00:00,25.9,72,0.3,44,1017.1,8.0,507.0
2020-11-26 12:00:00,26.2,70,0.0,30,1018.8,9.2,482.0
2020-11-27 12:00:00,25.0,64,0.0,39,1021.5,10.7,672.0
2020-11-28 12:00:00,21.0,61,0.0,62,1023.1,12.5,391.0
2020-11-29 12:00:00,19.4,55,0.0,17,1023.5,11.3,643.0
2020-11-30 12:00:00,19.8,55,0.0,12,1024.1,12.0,699.0
2020-12-01 12:00:00,20.0,55,0.0,96,1023.6,12.9,502.0
2020-12-02 12:00:00,19.8,62,0.0,48,1022.0,8.8,330.0
2020-12-03 12:00:00,21.1,52,0.0,23,1022.4,13.4,662.0
2020-12-04 12:00:00,18.1,51,0.0,7,1023.5,10.4,664.0
2020-12-05 12:00:00,17.0,53,0.0,1,1023.7,8.5,562.0
2020-12-06 12:00:00,19.0,55,0.0,0,1021.3,3.7,721.0
2020-12-07 12:00:00,20.6,53,0.0,3,1022.9,12.5,696.0
2020-12-08 12:00:00,20.5,52,0.0,6,1022.3,13.0,691.0
2020-12-09 12:00:00,21.0,60,0.0,90,1018.1,2.1,710.0
2020-12-10 12:00:00,22.1,58,0.0,6,1017.8,4.3,660.0
2020-12-11 12:00:00,23.4,63,0.0,97,1015.5,6.2,633.0
2020-12-12 12:00:00,22.2,76,0.0,76,1014.9,7.6,289.0
2020-12-13 12:00:00,24.3,72,0.0,100,1011.6,5.1,364.0
2020-12-14 12:00:00,17.8,89,1.9,100,1016.4,22.5,163.0
2020-12-15 12:00:00,12.7,75,0.1,100,1023.6,12.2,129.0
2020-12-16 12:00:00,12.8,66,0.0,100,1025.9,12.1,174.0
2020-12-17 12:00:00,13.5,63,0.0,95,1024.1,10.3,327.0
2020-12-18 12:00:00,13.4,55,0.0,96,1025.0,17.7,340.0
2020-12-19 12:00:00,14.6,46,0.0,100,1026.5,15.7,297.0
2020-12-20 12:00:00,15.9,39,0.0,100,1027.1,18.8,461.0
2020-12-21 12:00:00,17.1,39,0.0,2,1025.3,17.3,625.0
2020-12-22 12:00:00,18.2,41,0.0,100,1021.3,9.9,332.0
2020-12-23 12:00:00,18.2,59,0.0,100,1018.6,5.8,287.0
2020-12-24 12:00:00,19.1,57,0.0,100,1019.1,10.5,256.0
2020-12-25 12:00:00,20.5,56,0.0,71,1018.8,3.4,464.0
2020-12-26 12:00:00,20.7,73,0.0,100,1016.5,1.5,438.0
2020-12-27 12:00:00,21.0,85,0.1,100,1015.5,6.2,166.0
2020-12-28 12:00:00,23.4,81,0.1,100,1013.0,15.7,258.0
2020-12-29 12:00:00,25.5,68,0.1,66,1014.2,13.6,385.0
2020-12-30 12:00:00,17.0,38,0.0,100,1026.2,21.6,229.0
2020-12-31 12:00:00,14.4,32,0.0,93,1028.3,12.4,464.0
2021-01-01 12:00:00,15.9,30,0.0,99,1027.0,8.1,726.0
2021-01-02 12:00:00,17.1,44,0.0,0,1022.7,3.1,725.0
2021-01-03 12:00:00,17.9,44,0.0,100,1022.7,9.5,343.0
2021-01-04 12:00:00,20.2,39,0.0,6,1021.3,4.0,694.0
2021-01-05 12:00:00,19.9,51,0.0,100,1020.9,6.5,388.0
2021-01-06 12:00:00,18.3,52,0.0,98,1019.6,7.5,352.0
2021-01-07 12:00:00,15.4,60,0.0,100,1021.3,15.4,263.0
2021-01-08 12:00:00,10.6,48,0.0,100,1027.8,19.3,258.0
2021-01-09 12:00:00,11.3,36,0.0,98,1025.9,10.1,336.0
2021-01-10 12:00:00,12.2,33,0.0,97,1024.8,10.0,444.0
2021-01-11 12:00:00,13.1,22,0.0,100,1030.7,22.5,215.0
2021-01-12 12:00:00,15.9,27,0.0,92,1027.3,11.6,531.0
2021-01-13 12:00:00,18.5,31,0.0,6,1019.4,3.3,723.0
2021-01-14 12:00:00,19.4,52,0.0,8,1018.0,0.4,712.0
2021-01-15 12:00:00,19.0,68,0.0,100,1016.2,4.1,467.0
2021-01-16 12:00:00,19.5,71,0.0,100,1016.4,8.0,220.0
2021-01-17 12:00:00,14.6,70,0.5,100,1027.6,18.4,124.0
2021-01-18 12:00:00,17.5,33,0.0,0,1025.0,9.7,747.0
2021-01-19 12:00:00,19.6,47,0.0,0,1019.4,7.1,745.0
2021-01-20 12:00:00,19.9,62,0.0,100,1017.1,11.6,301.0
2021-01-21 12:00:00,19.5,74,0.1,100,1016.5,2.9,261.0
2021-01-22 12:00:00,22.2,57,0.0,80,1016.3,5.1,363.0
2021-01-23 12:00:00,24.0,53,0.0,100,1015.2,4.4,649.0
2021-01-24 12:00:00,23.1,64,0.0,100,1014.1,17.9,399.0
2021-01-25 12:00:00,22.0,84,0.7,98,1015.8,15.4,259.0
2021-01-26 12:00:00,23.4,69,0.2,100,1016.9,12.0,390.0
2021-01-27 12:00:00,22.0,67,0.0,100,1016.3,11.1,265.0
2021-01-28 12:00:00,18.5,57,0.3,100,1023.7,16.3,137.0
2021-01-29 12:00:00,20.4,50,0.0,100,1022.1,1.8,446.0
2021-01-30 12:00:00,21.4,62,0.0,100,1020.2,10.2,340.0
2021-01-31 12:00:00,21.4,74,0.3,100,1019.5,12.0,196.0
2021-02-01 12:00:00,22.9,69,0.0,100,1018.5,9.2,350.0
2021-02-02 12:00:00,21.9,73,0.1,88,1019.8,11.5,343.0
2021-02-03 12:00:00,24.5,56,0.0,100,1019.7,9.7,475.0
2021-02-04 12:00:00,23.0,67,0.1,100,1021.2,9.4,404.0
2021-02-05 12:00:00,24.3,58,0.0,100,1019.7,10.2,516.0
2021-02-06 12:00:00,23.2,62,0.0,66,1018.1,4.6,596.0
2021-02-07 12:00:00,25.2,56,0.0,99,1016.7,11.3,458.0
2021-02-08 12:00:00,24.4,62,0.0,41,1018.2,6.9,474.0
2021-02-09 12:00:00,17.6,83,0.5,100,1018.4,15.1,202.0
2021-02-10 12:00:00,21.0,60,0.0,85,1017.1,12.2,625.0
2021-02-11 12:00:00,22.0,55,0.0,1,1017.1,4.8,786.0
2021-02-12 12:00:00,21.6,60,0.0,100,1018.4,3.5,497.0
2021-02-13 12:00:00,23.6,53,0.0,80,1017.4,10.6,741.0
2021-02-14 12:00:00,23.5,57,0.0,89,1017.8,7.9,480.0
2021-02-15 12:00:00,24.2,65,0.1,100,1014.4,12.9,388.0
2021-02-16 12:00:00,24.0,67,0.0,86,1015.4,10.9,319.0
2021-02-17 12:00:00,20.1,62,0.0,100,1021.9,12.4,163.0
2021-02-18 12:00:00,23.1,55,0.0,61,1024.6,8.1,518.0
2021-02-19 12:00:00,23.9,51,0.0,53,1023.6,6.0,623.0
2021-02-20 12:00:00,23.5,50,0.0,16,1020.1,2.2,773.0
2021-02-21 12:00:00,25.9,47,0.0,0,1015.4,11.5,799.0
2021-02-22 12:00:00,23.8,66,0.1,100,1015.2,6.0,388.0
2021-02-23 12:00:00,24.5,64,0.0,100,1014.9,7.6,359.0
2021-02-24 12:00:00,26.5,56,0.0,100,1011.4,21.1,398.0
2021-02-25 12:00:00,27.0,64,0.0,100,1007.5,17.7,411.0
2021-02-26 12:00:00,25.6,73,0.1,100,1008.6,10.2,311.0
2021-02-27 12:00:00,17.8,83,0.8,100,1014.0,7.6,178.0
2021-02-28 12:00:00,19.0,88,0.0,100,1013.6,1.1,97.0
2021-03-01 12:00:00,23.5,80,0.0,96,1015.2,7.4,275.0
2021-03-02 12:00:00,19.2,51,0.0,100,1020.8,11.8,213.0
2021-03-03 12:00:00,19.0,78,0.1,100,1019.4,7.1,218.0
2021-03-04 12:00:00,20.2,77,0.0,100,1017.0,4.7,442.0
2021-03-05 12:00:00,23.2,77,0.0,100,1013.2,7.2,405.0
2021-03-06 12:00:00,26.9,68,0.0,82,1014.6,9.0,613.0
2021-03-07 12:00:00,21.0,68,0.0,100,1018.7,7.2,290.0
2021-03-08 12:00:00,25.5,72,0.0,99,1016.8,9.3,404.0
2021-03-09 12:00:00,25.5,72,0.1,100,1016.5,17.4,315.0
2021-03-10 12:00:00,26.7,68,0.1,93,1015.7,23.1,487.0
2021-03-11 12:00:00,25.3,77,0.6,71,1017.3,18.8,371.0
2021-03-12 12:00:00,26.0,67,0.1,84,1018.1,10.3,571.0
2021-03-13 12:00:00,24.6,75,0.2,100,1018.1,12.0,359.0
2021-03-14 12:00:00,25.4,67,0.1,99,1014.3,11.5,432.0
2021-03-15 12:00:00,26.5,70,0.2,100,1011.6,20.0,356.0
2021-03-16 12:00:00,26.4,75,0.2,100,1011.4,18.1,362.0
2021-03-17 12:00:00,26.6,75,0.1,100,1011.5,19.6,319.0
2021-03-18 12:00:00,26.5,76,0.1,100,1011.0,15.5,272.0
2021-03-19 12:00:00,28.0,71,0.0,100,1009.2,17.9,369.0
2021-03-20 12:00:00,27.4,76,0.1,100,1009.1,13.5,286.0
2021-03-21 12:00:00,18.1,66,0.3,100,1018.5,21.5,215.0
2021-03-22 12:00:00,18.1,50,0.0,96,1025.7,15.5,388.0
2021-03-23 12:00:00,20.3,50,0.0,1,1020.7,5.8,809.0
2021-03-24 12:00:00,22.5,63,0.0,57,1016.1,3.5,641.0
2021-03-25 12:00:00,22.3,82,0.1,100,1014.9,7.0,227.0
2021-03-26 12:00:00,24.9,82,0.1,100,1012.0,11.8,277.0
2021-03-27 12:00:00,27.2,77,0.0,100,1009.5,16.4,336.0
2021-03-28 12:00:00,27.1,80,0.1,100,1009.1,16.1,326.0
2021-03-29 12:00:00,29.1,71,0.0,1,1004.9,8.8,624.0
2021-03-30 12:00:00,30.0,74,0.0,16,1002.8,1.8,758.0
2021-03-31 12:00:00,32.0,69,0.0,59,1001.7,8.7,821.0
2021-04-01 12:00:00,30.6,67,0.0,20,1004.1,6.5,611.0
2021-04-02 12:00:00,30.7,70,0.1,100,1006.5,15.0,476.0
2021-04-03 12:00:00,26.8,86,0.1,100,1010.6,9.9,169.0
2021-04-04 12:00:00,28.5,71,0.2,72,1012.4,12.3,579.0
2021-04-05 12:00:00,23.2,83,0.0,100,1016.3,9.0,314.0
2021-04-06 12:00:00,25.4,77,0.0,100,1015.9,16.2,274.0
2021-04-07 12:00:00,26.8,74,0.0,96,1013.9,13.9,417.0
2021-04-08 12:00:00,28.2,73,0.1,77,1011.5,10.6,529.0
2021-04-09 12:00:00,20.2,79,0.1,100,1016.6,11.8,147.0
2021-04-10 12:00:00,22.4,81,0.0,100,1017.5,3.5,332.0
2021-04-11 12:00:00,27.9,72,0.1,64,1016.1,15.9,532.0
2021-04-12 12:00:00,28.9,68,0.0,100,1014.2,16.2,512.0
2021-04-13 12:00:00,27.5,77,0.1,100,1012.7,16.0,329.0
2021-04-14 12:00:00,28.2,76,0.1,100,1011.0,14.5,323.0
2021-04-15 12:00:00,27.5,81,0.2,100,1009.6,19.9,330.0
2021-04-16 12:00:00,28.0,76,0.2,100,1011.1,17.6,368.0
2021-04-17 12:00:00,22.5,88,1.1,100,1015.4,17.1,215.0
2021-04-18 12:00:00,24.3,77,0.0,100,1013.5,4.6,378.0
2021-04-19 12:00:00,28.6,77,0.1,60,1008.8,9.6,639.0
2021-04-20 12:00:00,30.2,74,0.0,97,1007.6,13.0,555.0
2021-04-21 12:00:00,29.0,80,0.7,99,1008.9,16.2,550.0
2021-04-22 12:00:00,30.1,79,0.0,90,1008.2,14.8,702.0
2021-04-23 12:00:00,31.1,69,0.1,84,1005.6,17.8,620.0
2021-04-24 12:00:00,31.7,71,0.3,39,1005.6,14.4,570.0
2021-04-25 12:00:00,29.9,76,0.3,77,1008.1,16.3,378.0
2021-04-26 12:00:00,23.0,87,0.1,100,1011.3,19.9,92.0
2021-04-27 12:00:00,23.9,80,0.0,99,1014.6,7.7,262.0
2021-04-28 12:00:00,24.8,79,0.2,48,1015.9,8.3,561.0
2021-04-29 12:00:00,22.1,67,0.2,94,1017.0,4.9,273.0
2021-04-30 12:00:00,27.1,67,0.0,52,1013.0,6.1,820.0
2021-05-01 12:00:00,28.0,71,0.0,100,1011.7,6.9,437.0
2021-05-02 12:00:00,29.0,78,0.2,91,1010.3,11.5,542.0
2021-05-03 12:00:00,31.1,74,0.1,34,1006.9,19.3,712.0
2021-05-04 12:00:00,31.8,65,0.0,40,1007.5,2.2,818.0
2021-05-05 12:00:00,26.1,90,4.5,100,1012.4,7.9,331.0
2021-05-06 12:00:00,28.8,69,0.0,100,1013.6,9.7,431.0
2021-05-07 12:00:00,30.9,66,0.0,80,1012.6,13.9,707.0
2021-05-08 12:00:00,30.3,69,0.0,99,1009.3,6.8,493.0
2021-05-09 12:00:00,31.3,67,0.0,37,1007.5,8.9,598.0
2021-05-10 12:00:00,33.5,68,0.0,10,1005.4,13.6,918.0
2021-05-11 12:00:00,34.1,62,0.0,21,1004.5,4.7,906.0
2021-05-12 12:00:00,34.5,63,0.0,94,1003.9,12.3,879.0
2021-05-13 12:00:00,32.0,72,0.1,60,1004.8,11.3,749.0
2021-05-14 12:00:00,31.5,71,1.0,73,1004.6,20.3,828.0
2021-05-15 12:00:00,34.5,60,0.0,21,1004.7,15.9,754.0
2021-05-16 12:00:00,35.0,62,0.0,13,1004.9,10.5,882.0
2021-05-17 12:00:00,33.4,67,0.1,59,1006.6,17.1,624.0
2021-05-18 12:00:00,33.4,66,0.1,100,1006.2,16.5,689.0
2021-05-19 12:00:00,35.2,60,0.0,23,1003.4,14.1,915.0
2021-05-20 12:00:00,34.3,62,0.0,95,1004.0,6.0,752.0
2021-05-21 12:00:00,34.9,61,0.0,94,1003.4,10.1,769.0
2021-05-22 12:00:00,36.5,54,0.0,72,1001.1,10.5,893.0
2021-05-23 12:00:00,34.4,64,0.0,72,1003.9,12.4,559.0
2021-05-24 12:00:00,28.8,72,0.3,100,1009.4,15.6,361.0
2021-05-25 12:00:00,26.5,81,0.8,100,1009.8,7.0,416.0
2021-05-26 12:00:00,29.1,80,1.2,94,1007.4,13.7,532.0
2021-05-27 12:00:00,30.2,77,1.5,82,1008.3,15.0,535.0
2021-05-28 12:00:00,32.0,75,0.1,94,1008.5,9.7,822.0
2021-05-29 12:00:00,34.0,63,0.0,71,1005.3,10.4,749.0
2021-05-30 12:00:00,34.6,63,0.0,99,1002.7,6.9,841.0
2021-05-31 12:00:00,35.0,61,0.0,100,1001.6,5.5,820.0
2021-06-01 12:00:00,36.5,53,0.0,93,1001.6,9.5,842.0
2021-06-02 12:00:00,36.3,56,0.0,100,1002.2,6.4,878.0
2021-06-03 12:00:00,37.5,51,0.0,90,1002.1,5.2,918.0
2021-06-04 12:00:00,28.1,62,0.0,100,1008.2,16.7,520.0
2021-06-05 12:00:00,29.0,66,0.4,96,1006.6,4.3,753.0
2021-06-06 12:00:00,31.6,66,0.2,97,1003.9,2.9,697.0
2021-06-07 12:00:00,31.5,67,0.1,78,1004.6,12.1,466.0
2021-06-08 12:00:00,29.4,78,1.1,89,1006.2,9.0,444.0
2021-06-09 12:00:00,29.2,77,0.1,96,1004.2,0.8,398.0
2021-06-10 12:00:00,30.9,74,0.2,97,1002.7,6.3,726.0
2021-06-11 12:00:00,29.5,82,1.1,94,1003.7,10.2,519.0
2021-06-12 12:00:00,31.5,71,0.7,99,1003.0,14.9,803.0
2021-06-13 12:00:00,28.7,83,1.3,80,1002.1,22.7,685.0
2021-06-14 12:00:00,32.0,63,0.0,79,1001.5,15.5,769.0
2021-06-15 12:00:00,32.5,60,0.2,97,1000.2,11.6,658.0
2021-06-16 12:00:00,34.6,56,0.0,91,1001.8,11.4,905.0
2021-06-17 12:00:00,35.2,54,0.0,94,1003.3,8.7,938.0
2021-06-18 12:00:00,35.5,54,0.0,0,1003.5,9.5,941.0
2021-06-19 12:00:00,36.3,49,0.0,91,1001.4,12.3,942.0
2021-06-20 12:00:00,36.8,47,0.0,48,999.5,14.4,947.0
2021-06-21 12:00:00,36.8,48,0.0,99,999.9,9.5,906.0
2021-06-22 12:00:00,33.0,65,0.0,100,1003.9,6.7,575.0
2021-06-23 12:00:00,30.6,73,0.0,100,1004.7,6.2,475.0
2021-06-24 12:00:00,31.7,75,0.0,99,1002.4,3.9,490.0
2021-06-25 12:00:00,31.1,75,0.0,100,1002.4,8.2,357.0
2021-06-26 12:00:00,32.8,68,0.1,98,1003.6,11.2,711.0
2021-06-27 12:00:00,35.3,54,0.0,94,1002.5,14.3,918.0
2021-06-28 12:00:00,35.5,54,0.0,98,999.6,12.1,895.0
2021-06-29 12:00:00,33.8,61,0.0,100,1000.1,6.4,645.0
2021-06-30 12:00:00,34.3,56,0.0,99,1001.1,10.7,684.0
2021-07-01 12:00:00,34.0,57,0.0,100,1000.9,12.9,563.0
2021-07-02 12:00:00,35.5,51,0.0,100,1001.9,14.2,904.0
2021-07-03 12:00:00,35.4,53,0.0,100,1002.5,10.1,906.0
2021-07-04 12:00:00,35.5,56,0.0,98,1002.7,3.3,889.0
2021-07-05 12:00:00,31.3,76,4.3,96,1004.9,12.1,618.0
2021-07-06 12:00:00,30.5,74,1.1,65,1004.8,11.2,742.0
2021-07-07 12:00:00,31.7,72,0.0,99,1004.9,11.8,738.0
2021-07-08 12:00:00,29.0,83,2.9,93,1007.3,18.4,487.0
2021-07-09 12:00:00,29.5,75,0.3,64,1009.1,18.0,507.0
2021-07-10 12:00:00,31.0,72,0.0,50,1008.8,5.6,779.0
2021-07-11 12:00:00,32.0,65,0.0,25,1009.8,14.2,888.0
2021-07-12 12:00:00,33.3,59,0.0,1,1008.4,18.8,927.0
2021-07-13 12:00:00,33.2,69,0.1,58,1005.9,14.1,880.0
2021-07-14 12:00:00,33.3,69,0.0,45,1005.5,14.3,857.0
2021-07-15 12:00:00,32.3,65,0.1,40,1007.7,16.3,787.0
2021-07-16 12:00:00,33.1,64,0.0,18,1007.9,8.3,868.0
2021-07-17 12:00:00,33.2,67,0.0,78,1003.9,1.8,854.0
2021-07-18 12:00:00,31.2,76,0.2,100,1001.5,4.8,420.0
2021-07-19 12:00:00,31.8,76,0.2,90,1001.8,3.3,819.0
2021-07-20 12:00:00,29.4,83,0.2,99,1002.5,6.4,546.0
2021-07-21 12:00:00,29.6,77,0.0,91,1001.6,9.0,481.0
2021-07-22 12:00:00,28.4,87,0.5,100,1000.3,6.0,109.0
2021-07-23 12:00:00,26.6,95,6.0,100,998.9,16.0,59.0
2021-07-24 12:00:00,31.5,71,0.5,79,999.3,14.6,618.0
2021-07-25 12:00:00,32.5,70,0.1,95,999.7,11.0,727.0
2021-07-26 12:00:00,31.8,71,0.0,21,999.7,8.9,827.0
2021-07-27 12:00:00,33.0,68,0.0,78,998.0,10.6,783.0
2021-07-28 12:00:00,32.8,72,0.0,85,997.3,10.1,776.0
2021-07-29 12:00:00,31.8,76,0.4,97,999.2,7.0,717.0
2021-07-30 12:00:00,32.3,75,0.2,99,1000.1,3.4,698.0
2021-07-31 12:00:00,34.0,66,0.0,98,998.9,9.7,814.0
2021-08-01 12:00:00,26.2,96,5.6,100,999.7,10.2,83.0
2021-08-02 12:00:00,32.3,72,0.1,74,998.9,10.2,858.0
2021-08-03 12:00:00,33.0,66,0.0,91,999.7,13.0,817.0
2021-08-04 12:00:00,34.5,65,0.0,95,999.8,8.4,947.0
2021-08-05 12:00:00,35.4,59,0.0,86,998.6,13.0,927.0
2021-08-06 12:00:00,35.7,58,0.0,100,999.7,10.0,823.0
2021-08-07 12:00:00,36.2,53,0.0,100,1001.2,7.4,882.0
2021-08-08 12:00:00,33.4,65,0.0,98,1002.2,4.7,409.0
2021-08-09 12:00:00,32.8,72,0.0,100,1001.8,7.7,433.0
2021-08-10 12:00:00,28.0,90,0.7,100,1002.7,5.0,113.0
2021-08-11 12:00:00,28.1,91,0.3,97,1004.7,8.7,166.0
2021-08-12 12:00:00,30.6,77,0.0,91,1006.4,8.7,410.0
2021-08-13 12:00:00,33.0,69,0.1,98,1001.7,11.0,714.0
2021-08-14 12:00:00,32.4,70,0.3,100,1001.6,5.2,603.0
2021-08-15 12:00:00,29.7,79,0.2,100,1005.6,7.7,396.0
2021-08-16 12:00:00,31.0,75,0.1,96,1009.2,7.0,515.0
2021-08-17 12:00:00,32.3,68,0.1,39,1008.5,4.3,789.0
2021-08-18 12:00:00,32.8,65,0.0,91,1006.0,3.9,836.0
2021-08-19 12:00:00,31.5,79,0.8,93,1006.5,9.5,750.0
2021-08-20 12:00:00,30.7,75,1.7,51,1008.6,8.0,613.0
2021-08-21 12:00:00,32.9,71,0.0,76,1006.8,11.4,746.0
2021-08-22 12:00:00,34.4,62,0.0,25,1004.2,11.2,867.0
2021-08-23 12:00:00,34.0,64,0.0,86,1003.1,7.3,836.0
2021-08-24 12:00:00,31.6,80,0.1,99,1004.0,4.2,606.0
2021-08-25 12:00:00,31.5,77,0.0,50,1005.9,11.9,660.0
2021-08-26 12:00:00,31.0,74,0.2,88,1008.4,10.0,771.0
2021-08-27 12:00:00,28.8,80,0.2,78,1010.6,2.7,665.0
2021-08-28 12:00:00,28.5,83,0.1,35,1010.0,5.7,797.0
2021-08-29 12:00:00,29.9,78,0.1,65,1009.8,6.5,847.0
2021-08-30 12:00:00,30.0,72,0.1,90,1010.4,6.4,696.0
2021-08-31 12:00:00,30.6,72,0.1,44,1010.2,4.8,711.0
2021-09-01 12:00:00,31.1,70,0.0,44,1008.7,1.8,757.0
2021-09-02 12:00:00,27.2,84,0.6,99,1008.1,3.9,386.0
2021-09-03 12:00:00,30.4,79,0.2,87,1005.7,1.8,738.0
2021-09-04 12:00:00,31.0,72,0.3,90,1006.0,4.3,661.0
2021-09-05 12:00:00,29.7,79,0.3,95,1008.6,5.3,691.0
2021-09-06 12:00:00,30.1,78,0.1,60,1011.1,5.3,739.0
2021-09-07 12:00:00,29.9,80,0.5,100,1010.6,14.1,639.0
2021-09-08 12:00:00,29.5,78,0.6,99,1008.5,14.5,427.0
2021-09-09 12:00:00,28.8,81,0.1,38,1010.6,6.7,608.0
2021-09-10 12:00:00,31.6,67,0.0,99,1009.4,9.7,845.0
2021-09-11 12:00:00,32.8,65,0.0,44,1006.1,8.0,896.0
2021-09-12 12:00:00,33.8,63,0.0,72,1002.6,5.4,905.0
2021-09-13 12:00:00,31.0,78,0.1,100,1006.3,8.9,408.0
2021-09-14 12:00:00,28.0,93,1.0,99,1010.5,5.8,436.0
2021-09-15 12:00:00,27.6,83,0.3,100,1012.1,6.9,359.0
2021-09-16 12:00:00,29.0,77,0.0,100,1010.5,7.9,297.0
2021-09-17 12:00:00,30.0,74,0.0,97,1008.6,10.6,277.0
2021-09-18 12:00:00,30.4,77,0.3,55,1009.5,14.8,751.0
2021-09-19 12:00:00,32.0,64,0.1,60,1009.7,11.7,788.0
2021-09-20 12:00:00,28.8,78,1.9,61,1010.8,10.5,521.0
2021-09-21 12:00:00,29.9,81,0.1,21,1010.0,4.7,775.0
2021-09-22 12:00:00,28.0,81,0.1,97,1009.4,6.0,491.0
2021-09-23 12:00:00,29.0,78,0.0,87,1011.5,4.1,423.0
2021-09-24 12:00:00,29.0,78,2.4,97,1011.4,16.3,605.0
2021-09-25 12:00:00,28.1,85,0.2,58,1011.3,3.9,460.0
2021-09-26 12:00:00,29.6,74,0.1,95,1011.7,5.9,677.0
2021-09-27 12:00:00,29.0,77,0.1,98,1011.7,6.0,638.0
2021-09-28 12:00:00,30.9,67,0.0,4,1010.1,4.1,797.0
2021-09-29 12:00:00,31.1,68,0.0,4,1008.8,1.8,769.0
2021-09-30 12:00:00,31.8,67,0.0,8,1008.7,1.3,777.0
2021-10-01 12:00:00,31.5,72,0.1,26,1008.4,7.7,758.0
2021-10-02 12:00:00,30.4,67,0.3,84,1010.1,5.4,632.0
2021-10-03 12:00:00,30.0,67,0.0,74,1010.4,8.6,555.0
2021-10-04 12:00:00,29.8,81,0.1,18,1010.9,3.9,736.0
2021-10-05 12:00:00,30.6,68,0.1,39,1010.9,8.0,663.0
2021-10-06 12:00:00,31.5,67,0.0,24,1008.5,5.1,763.0
2021-10-07 12:00:00,31.8,63,0.1,41,1006.0,11.5,681.0
2021-10-08 12:00:00,31.5,54,0.0,82,1005.0,19.5,787.0
2021-10-09 12:00:00,25.4,85,1.7,100,1005.8,13.3,149.0
2021-10-10 12:00:00,24.4,92,4.4,100,1002.9,20.4,112.0
2021-10-11 12:00:00,22.5,90,3.5,100,1009.4,19.7,120.0
2021-10-12 12:00:00,27.0,55,0.0,91,1009.8,25.4,710.0
2021-10-13 12:00:00,24.4,74,0.3,100,1006.5,18.9,313.0
2021-10-14 12:00:00,21.5,85,1.5,100,1005.9,24.5,76.0
2021-10-15 12:00:00,23.6,77,0.3,100,1011.4,21.9,207.0
2021-10-16 12:00:00,21.5,80,1.1,100,1017.1,18.5,127.0
2021-10-17 12:00:00,22.6,61,0.0,100,1019.9,20.3,397.0
2021-10-18 12:00:00,20.1,81,0.2,100,1019.1,11.9,141.0
2021-10-19 12:00:00,24.0,80,0.0,100,1017.7,3.5,343.0
2021-10-20 12:00:00,30.4,65,0.0,86,1013.4,16.5,705.0
2021-10-21 12:00:00,21.5,72,0.0,100,1016.7,17.6,267.0
2021-10-22 12:00:00,20.6,59,0.0,100,1022.0,15.6,249.0
2021-10-23 12:00:00,21.0,61,0.0,82,1022.0,11.2,622.0
2021-10-24 12:00:00,23.5,60,0.0,73,1020.9,14.4,781.0
2021-10-25 12:00:00,25.1,55,0.0,0,1017.8,8.9,777.0
2021-10-26 12:00:00,26.0,61,0.0,24,1016.1,5.0,702.0
2021-10-27 12:00:00,26.9,60,0.0,44,1017.1,12.6,774.0
2021-10-28 12:00:00,23.2,77,0.2,100,1017.9,9.7,139.0
2021-10-29 12:00:00,22.5,91,4.7,100,1017.9,9.8,139.0
2021-10-30 12:00:00,20.1,88,0.8,100,1019.5,15.6,79.0
2021-10-31 12:00:00,22.3,85,0.0,100,1017.4,8.4,187.0
2021-11-01 12:00:00,23.2,85,0.3,100,1017.5,8.7,249.0
2021-11-02 12:00:00,24.9,76,0.0,100,1017.6,12.2,308.0
2021-11-03 12:00:00,25.9,75,0.0,100,1015.7,2.7,368.0
2021-11-04 12:00:00,28.6,67,0.0,100,1013.0,14.5,556.0
2021-11-05 12:00:00,29.4,66,0.0,95,1010.0,13.8,473.0
2021-11-06 12:00:00,29.3,70,0.0,100,1008.2,13.0,463.0
2021-11-07 12:00:00,29.5,70,0.1,42,1011.3,5.1,603.0
2021-11-08 12:00:00,18.0,58,0.0,100,1022.2,17.3,196.0
2021-11-09 12:00:00,20.4,50,0.0,3,1021.3,9.3,748.0
2021-11-10 12:00:00,21.3,46,0.0,65,1021.2,10.5,743.0
2021-11-11 12:00:00,22.5,49,0.0,87,1017.5,6.2,745.0
2021-11-12 12:00:00,23.6,52,0.0,63,1019.2,13.7,738.0
2021-11-13 12:00:00,22.1,57,0.0,56,1018.9,10.9,721.0
2021-11-14 12:00:00,23.0,53,0.0,0,1018.0,10.7,713.0
2021-11-15 12:00:00,25.0,56,0.0,100,1016.0,5.9,646.0
2021-11-16 12:00:00,21.6,82,0.0,100,1016.3,6.0,163.0
2021-11-17 12:00:00,22.9,78,0.0,100,1018.4,19.5,330.0
2021-11-18 12:00:00,21.6,59,0.0,69,1016.2,9.8,408.0
2021-11-19 12:00:00,24.1,72,0.0,100,1010.9,12.6,301.0
2021-11-20 12:00:00,27.0,70,0.0,100,1009.2,17.3,447.0
2021-11-21 12:00:00,28.3,72,0.0,27,1011.6,10.5,527.0
2021-11-22 12:00:00,19.5,63,0.0,100,1020.5,22.3,121.0
2021-11-23 12:00:00,17.4,57,0.0,61,1023.0,13.6,384.0
2021-11-24 12:00:00,19.0,56,0.0,100,1022.6,11.9,485.0
2021-11-25 12:00:00,21.4,58,0.0,1,1019.6,10.1,636.0
2021-11-26 12:00:00,23.6,54,0.0,31,1019.5,9.0,683.0
2021-11-27 12:00:00,23.8,49,0.0,5,1020.5,10.9,634.0
2021-11-28 12:00:00,24.0,49,0.0,93,1020.2,9.4,698.0
2021-11-29 12:00:00,24.5,51,0.0,91,1018.6,7.9,699.0
2021-11-30 12:00:00,23.8,49,0.0,18,1021.9,17.5,689.0
2021-12-01 12:00:00,21.0,46,0.0,51,1023.5,13.7,716.0
2021-12-02 12:00:00,20.6,41,0.0,82,1024.0,8.7,719.0
2021-12-03 12:00:00,21.7,39,0.0,87,1023.0,10.5,712.0
2021-12-04 12:00:00,22.4,40,0.0,56,1022.4,8.6,707.0
2021-12-05 12:00:00,22.8,36,0.0,0,1022.6,11.3,687.0
2021-12-06 12:00:00,22.5,40,0.0,0,1021.8,10.3,700.0
2021-12-07 12:00:00,22.5,40,0.0,0,1021.5,2.8,690.0
2021-12-08 12:00:00,22.5,46,0.0,47,1022.3,7.6,579.0
2021-12-09 12:00:00,20.3,76,0.0,100,1023.6,10.7,226.0
2021-12-10 12:00:00,23.7,61,0.0,6,1019.7,3.2,543.0
2021-12-11 12:00:00,24.0,64,0.0,51,1020.2,6.9,446.0
2021-12-12 12:00:00,25.5,56,0.0,19,1022.0,11.0,557.0
2021-12-13 12:00:00,19.2,54,0.0,80,1023.4,6.9,332.0
2021-12-14 12:00:00,21.9,56,0.0,54,1018.6,4.7,667.0
2021-12-15 12:00:00,20.8,78,0.0,100,1015.9,4.8,234.0
2021-12-16 12:00:00,22.5,73,0.0,100,1016.4,4.9,375.0
2021-12-17 12:00:00,25.4,48,0.0,63,1020.5,18.0,662.0
2021-12-18 12:00:00,20.4,39,0.0,92,1024.7,12.5,454.0
2021-12-19 12:00:00,20.0,38,0.0,59,1023.5,13.0,689.0
2021-12-20 12:00:00,22.3,39,0.0,100,1018.2,8.6,396.0
2021-12-21 12:00:00,22.3,48,0.0,2,1018.1,11.8,681.0
2021-12-22 12:00:00,23.5,49,0.0,0,1017.2,7.1,675.0
2021-12-23 12:00:00,24.1,52,0.0,68,1016.0,5.9,663.0
2021-12-24 12:00:00,21.5,77,0.2,100,1016.7,1.6,255.0
2021-12-25 12:00:00,23.4,69,0.2,89,1019.2,10.0,351.0
2021-12-26 12:00:00,21.1,63,0.0,100,1022.8,13.2,247.0
2021-12-27 12:00:00,13.0,57,0.0,100,1028.4,12.7,161.0
2021-12-28 12:00:00,14.2,64,0.0,100,1025.8,6.9,221.0
2021-12-29 12:00:00,15.8,69,0.0,100,1025.5,11.2,210.0
2021-12-30 12:00:00,17.1,60,0.0,100,1026.7,11.6,321.0
2021-12-31 12:00:00,17.4,65,0.0,100,1025.5,7.6,240.0
2022-01-01 12:00:00,19.4,65,0.0,100,1024.7,9.6,339.0
2022-01-02 12:00:00,20.0,58,0.0,67,1023.1,6.9,499.0
2022-01-03 12:00:00,20.5,67,0.0,100,1020.0,1.8,389.0
2022-01-04 12:00:00,22.2,66,0.0,100,1018.3,6.1,503.0
2022-01-05 12:00:00,22.5,67,0.0,100,1016.5,9.2,273.0
2022-01-06 12:00:00,23.4,74,0.3,60,1017.7,8.3,488.0
2022-01-07 12:00:00,23.5,67,0.1,76,1019.7,14.6,449.0
2022-01-08 12:00:00,22.5,68,0.0,100,1018.5,11.2,276.0
2022-01-09 12:00:00,14.8,87,0.4,100,1019.5,11.5,126.0
2022-01-10 12:00:00,17.8,78,0.0,100,1017.0,6.5,211.0
2022-01-11 12:00:00,17.4,52,0.0,100,1022.8,10.1,288.0
2022-01-12 12:00:00,19.4,66,0.0,100,1020.1,8.6,288.0
2022-01-13 12:00:00,15.6,80,0.1,100,1022.3,9.7,115.0
2022-01-14 12:00:00,19.4,68,0.0,100,1019.4,4.3,398.0
2022-01-15 12:00:00,21.4,74,0.0,100,1017.8,10.1,325.0
2022-01-16 12:00:00,23.4,80,0.1,71,1017.7,10.0,437.0
2022-01-17 12:00:00,14.4,80,0.3,100,1023.4,15.5,100.0
2022-01-18 12:00:00,19.6,51,0.0,6,1022.7,12.8,716.0
2022-01-19 12:00:00,19.5,57,0.0,69,1020.6,4.4,676.0
2022-01-20 12:00:00,19.1,67,0.0,93,1017.4,5.1,403.0
2022-01-21 12:00:00,18.0,88,0.4,100,1015.6,3.4,142.0
2022-01-22 12:00:00,20.5,83,0.0,100,1011.7,3.4,224.0
2022-01-23 12:00:00,22.0,82,0.0,100,1011.8,5.3,236.0
2022-01-24 12:00:00,24.1,75,0.0,96,1012.9,4.5,324.0
2022-01-25 12:00:00,23.8,70,0.0,100,1014.4,9.7,374.0
2022-01-26 12:00:00,24.0,73,0.2,100,1014.5,13.8,362.0
2022-01-27 12:00:00,25.2,72,0.3,30,1014.4,15.7,479.0
2022-01-28 12:00:00,25.8,64,0.1,97,1013.6,19.4,543.0
2022-01-29 12:00:00,14.7,77,0.1,100,1014.9,24.5,123.0
2022-01-30 12:00:00,13.4,67,0.1,100,1018.6,8.2,180.0
2022-01-31 12:00:00,12.4,75,0.6,62,1020.5,19.4,156.0
2022-02-01 12:00:00,13.6,67,0.0,100,1020.5,11.8,294.0
2022-02-02 12:00:00,13.1,73,0.0,100,1021.2,14.6,196.0
2022-02-03 12:00:00,14.1,59,0.0,95,1021.7,11.2,380.0
2022-02-04 12:00:00,15.0,57,0.0,100,1024.3,12.8,385.0
2022-02-05 12:00:00,15.8,56,0.0,100,1023.9,6.5,315.0
2022-02-06 12:00:00,15.4,76,0.0,100,1019.7,5.0,225.0
2022-02-07 12:00:00,20.1,71,0.0,100,1015.3,5.6,434.0
2022-02-08 12:00:00,18.4,83,0.1,100,1017.1,8.7,163.0
2022-02-09 12:00:00,14.0,79,0.2,100,1020.5,11.4,186.0
2022-02-10 12:00:00,15.8,79,0.0,100,1017.1,1.9,265.0
2022-02-11 12:00:00,18.8,80,0.0,100,1016.1,5.2,268.0
2022-02-12 12:00:00,17.2,85,0.1,100,1015.5,7.9,184.0
2022-02-13 12:00:00,13.7,87,0.8,100,1016.8,18.0,136.0
2022-02-14 12:00:00,18.1,59,0.0,100,1019.2,6.8,574.0
2022-02-15 12:00:00,18.1,72,0.0,100,1018.0,8.5,229.0
2022-02-16 12:00:00,18.0,82,0.0,100,1014.2,5.1,151.0
2022-02-17 12:00:00,23.0,75,0.0,100,1010.8,4.6,334.0
2022-02-18 12:00:00,24.0,86,0.0,100,1010.4,7.7,192.0
2022-02-19 12:00:00,11.6,85,0.9,100,1019.4,20.1,100.0
2022-02-20 12:00:00,8.9,84,1.1,100,1024.6,15.5,116.0
2022-02-21 12:00:00,12.0,61,0.0,100,1025.1,14.6,223.0
2022-02-22 12:00:00,12.8,59,0.0,99,1025.4,14.3,408.0
2022-02-23 12:00:00,15.0,52,0.0,0,1027.9,14.6,791.0
2022-02-24 12:00:00,15.1,54,0.0,0,1028.3,8.2,792.0
2022-02-25 12:00:00,17.8,55,0.0,100,1025.5,1.8,768.0
2022-02-26 12:00:00,20.5,55,0.0,65,1023.5,4.1,727.0
2022-02-27 12:00:00,21.6,59,0.0,100,1020.0,7.2,542.0
2022-02-28 12:00:00,21.4,70,0.0,100,1017.0,11.4,372.0
2022-03-01 12:00:00,21.7,81,0.1,100,1017.4,4.7,264.0
2022-03-02 12:00:00,25.0,64,0.0,80,1017.5,7.9,653.0
2022-03-03 12:00:00,25.0,65,0.0,100,1015.1,10.0,393.0
2022-03-04 12:00:00,24.0,76,0.1,100,1013.6,9.4,299.0
2022-03-05 12:00:00,24.1,78,0.0,100,1013.0,13.5,251.0
2022-03-06 12:00:00,25.0,83,0.3,100,1011.8,12.6,197.0
2022-03-07 12:00:00,24.1,59,0.0,28,1019.7,17.5,731.0
2022-03-08 12:00:00,24.1,51,0.0,10,1016.5,12.5,802.0
2022-03-09 12:00:00,21.4,75,0.0,100,1014.6,10.0,256.0
2022-03-10 12:00:00,22.6,72,0.0,100,1014.8,13.4,232.0
2022-03-11 12:00:00,24.5,65,0.0,100,1012.8,12.5,409.0
2022-03-12 12:00:00,24.5,73,0.1,100,1011.6,14.2,279.0
2022-03-13 12:00:00,24.6,78,0.2,100,1012.1,14.5,323.0
2022-03-14 12:00:00,23.9,81,0.0,100,1012.0,12.7,162.0
2022-03-15 12:00:00,26.9,68,0.0,100,1010.2,5.7,375.0
2022-03-16 12:00:00,24.8,80,0.0,100,1009.4,18.7,364.0
2022-03-17 12:00:00,26.6,75,0.1,100,1008.5,8.8,371.0
2022-03-18 12:00:00,27.7,72,0.0,100,1009.8,9.3,558.0
2022-03-19 12:00:00,26.3,77,0.1,100,1007.5,11.0,383.0
2022-03-20 12:00:00,29.2,71,0.0,100,1006.9,15.6,470.0
2022-03-21 12:00:00,29.3,74,0.1,100,1008.3,17.2,394.0
2022-03-22 12:00:00,31.6,67,0.0,69,1009.3,7.1,735.0
2022-03-23 12:00:00,18.4,76,0.2,100,1016.3,16.3,190.0
2022-03-24 12:00:00,21.5,76,0.0,100,1011.1,13.2,355.0
2022-03-25 12:00:00,27.1,70,0.0,11,1007.9,8.0,666.0
2022-03-26 12:00:00,30.4,73,0.0,1,1008.2,4.6,800.0
2022-03-27 12:00:00,22.0,66,0.0,100,1015.6,17.3,260.0
2022-03-28 12:00:00,22.2,61,0.0,19,1017.6,9.9,718.0
2022-03-29 12:00:00,22.4,71,0.0,100,1014.8,5.5,424.0
2022-03-30 12:00:00,24.0,83,0.0,100,1013.4,5.1,320.0
2022-03-31 12:00:00,26.5,75,0.1,100,1015.3,5.1,328.0
2022-04-01 12:00:00,19.1,71,0.4,100,1022.7,21.0,139.0
2022-04-02 12:00:00,19.7,50,0.0,100,1026.3,27.7,430.0
2022-04-03 12:00:00,22.7,45,0.0,0,1023.3,12.9,825.0
2022-04-04 12:00:00,23.5,49,0.0,0,1021.9,5.2,818.0
2022-04-05 12:00:00,24.2,56,0.0,74,1020.4,6.2,816.0
2022-04-06 12:00:00,26.6,49,0.0,0,1018.6,8.3,818.0
2022-04-07 12:00:00,28.6,44,0.0,80,1017.6,11.2,791.0
2022-04-08 12:00:00,27.8,52,0.0,0,1016.0,3.1,838.0
2022-04-09 12:00:00,27.6,54,0.0,0,1012.6,11.1,836.0
2022-04-10 12:00:00,28.5,50,0.0,70,1010.9,10.5,763.0
2022-04-11 12:00:00,27.0,67,0.1,100,1010.2,11.3,424.0
2022-04-12 12:00:00,27.5,73,0.1,100,1006.3,14.1,380.0
2022-04-13 12:00:00,29.2,63,0.0,40,1007.9,7.7,542.0
2022-04-14 12:00:00,30.3,58,0.0,100,1007.9,16.9,641.0
2022-04-15 12:00:00,27.7,80,0.1,100,1008.1,18.9,285.0
2022-04-16 12:00:00,27.4,79,0.8,100,1009.4,3.1,348.0
2022-04-17 12:00:00,18.9,85,0.2,100,1015.5,10.4,136.0
2022-04-18 12:00:00,19.4,72,0.0,100,1019.3,15.0,252.0
2022-04-19 12:00:00,23.1,60,0.0,100,1018.6,8.8,489.0
2022-04-20 12:00:00,23.3,69,0.0,100,1016.0,4.4,322.0
2022-04-21 12:00:00,25.7,68,0.0,100,1012.3,11.0,423.0
2022-04-22 12:00:00,29.1,67,0.0,100,1009.1,21.4,678.0
2022-04-23 12:00:00,29.0,74,0.2,47,1008.3,7.7,462.0
2022-04-24 12:00:00,31.8,65,0.0,21,1004.8,12.7,621.0
2022-04-25 12:00:00,32.8,69,0.0,65,1004.1,7.3,825.0
2022-04-26 12:00:00,33.2,68,0.0,1,1003.3,5.9,862.0
2022-04-27 12:00:00,32.1,67,0.0,57,1005.7,7.3,626.0
2022-04-28 12:00:00,31.4,73,0.2,37,1007.4,17.7,460.0
2022-04-29 12:00:00,31.4,69,0.1,47,1009.1,16.9,608.0
2022-04-30 12:00:00,31.2,69,0.1,100,1009.3,16.1,732.0
2022-05-01 12:00:00,23.4,57,0.0,100,1014.9,21.8,575.0
2022-05-02 12:00:00,25.4,45,0.0,98,1016.3,16.9,808.0
2022-05-03 12:00:00,27.5,41,0.0,28,1017.1,12.6,897.0
2022-05-04 12:00:00,28.0,47,0.0,0,1014.4,6.8,902.0
2022-05-05 12:00:00,28.6,50,0.0,45,1011.9,7.3,840.0
2022-05-06 12:00:00,27.6,65,0.3,100,1011.5,6.1,506.0
2022-05-07 12:00:00,29.2,66,0.1,45,1011.1,7.7,678.0
2022-05-08 12:00:00,30.1,68,0.1,100,1009.8,15.4,788.0
2022-05-09 12:00:00,30.8,65,0.0,100,1008.8,19.3,576.0
2022-05-10 12:00:00,30.6,75,0.5,100,1006.1,7.4,543.0
2022-05-11 12:00:00,31.4,71,0.0,100,1004.3,4.5,471.0
2022-05-12 12:00:00,26.6,88,9.6,100,1004.6,5.5,184.0
2022-05-13 12:00:00,30.9,71,0.1,15,1003.1,6.6,598.0
2022-05-14 12:00:00,28.1,72,0.0,100,1006.9,4.9,547.0
2022-05-15 12:00:00,25.4,76,0.2,100,1009.6,20.1,354.0
2022-05-16 12:00:00,21.5,73,0.2,100,1015.7,15.5,358.0
2022-05-17 12:00:00,26.1,54,0.0,100,1014.2,5.1,642.0
2022-05-18 12:00:00,27.8,60,0.0,100,1012.6,11.0,740.0
2022-05-19 12:00:00,28.8,65,0.0,100,1010.9,6.8,533.0
2022-05-20 12:00:00,29.4,73,0.0,41,1008.2,8.2,684.0
2022-05-21 12:00:00,24.8,91,2.4,100,1006.3,12.6,70.0
2022-05-22 12:00:00,27.6,84,0.3,100,1001.6,14.8,513.0
2022-05-23 12:00:00,28.0,84,0.3,100,1002.2,15.9,393.0
2022-05-24 12:00:00,26.4,84,0.6,100,1006.9,7.7,315.0
2022-05-25 12:00:00,30.0,71,0.0,100,1005.4,4.0,620.0
2022-05-26 12:00:00,30.8,77,0.1,100,1002.0,5.4,525.0
2022-05-27 12:00:00,30.4,74,0.1,100,1000.9,3.6,508.0
2022-05-28 12:00:00,31.0,76,0.6,100,1001.2,5.0,665.0
2022-05-29 12:00:00,31.5,76,0.6,100,1001.9,6.6,693.0
2022-05-30 12:00:00,31.0,76,0.3,100,1003.0,2.5,672.0
2022-05-31 12:00:00,28.6,77,0.2,100,1005.1,5.0,488.0
2022-06-01 12:00:00,31.7,75,0.3,100,1004.2,10.3,776.0
2022-06-02 12:00:00,33.0,64,0.0,100,1001.7,11.2,463.0
2022-06-03 12:00:00,33.8,59,0.0,100,1000.4,13.1,828.0
2022-06-04 12:00:00,35.1,55,0.0,100,1000.7,13.5,886.0
2022-06-05 12:00:00,34.7,58,0.0,100,1000.9,5.4,817.0
2022-06-06 12:00:00,29.1,76,0.3,100,1003.6,11.4,445.0
2022-06-07 12:00:00,27.8,84,0.1,100,1003.8,8.8,415.0
2022-06-08 12:00:00,29.4,80,0.1,99,1003.2,5.0,457.0
2022-06-09 12:00:00,31.8,70,0.1,100,1002.5,3.4,806.0
2022-06-10 12:00:00,32.0,71,0.0,100,1001.6,6.8,555.0
2022-06-11 12:00:00,27.3,88,1.2,100,1004.2,4.2,348.0
2022-06-12 12:00:00,32.2,70,0.0,100,1003.9,2.2,359.0
2022-06-13 12:00:00,34.0,63,0.0,100,1003.3,6.8,754.0
2022-06-14 12:00:00,28.0,78,0.1,100,1007.5,8.1,266.0
2022-06-15 12:00:00,28.3,77,0.0,100,1008.5,6.5,389.0
2022-06-16 12:00:00,31.6,69,0.1,87,1005.7,9.3,623.0
2022-06-17 12:00:00,34.7,55,0.0,98,1002.9,14.0,910.0
2022-06-18 12:00:00,34.3,57,0.0,100,1001.2,18.0,897.0
2022-06-19 12:00:00,35.2,54,0.0,100,999.7,14.9,892.0
2022-06-20 12:00:00,35.5,52,0.0,100,998.8,13.7,841.0
2022-06-21 12:00:00,35.9,54,0.0,100,999.2,13.6,908.0
2022-06-22 12:00:00,34.8,56,0.0,100,1004.2,7.9,707.0
2022-06-23 12:00:00,32.0,73,0.1,99,1007.3,9.1,768.0
2022-06-24 12:00:00,33.1,65,0.0,21,1006.5,11.7,891.0
2022-06-25 12:00:00,33.0,61,0.0,99,1005.0,13.1,923.0
2022-06-26 12:00:00,33.7,61,0.0,25,1005.8,12.1,867.0
2022-06-27 12:00:00,35.1,55,0.0,100,1004.1,9.7,856.0
2022-06-28 12:00:00,35.2,56,0.0,48,1001.8,6.9,871.0
2022-06-29 12:00:00,30.9,74,0.1,100,1000.5,9.2,436.0
2022-06-30 12:00:00,29.0,77,0.1,100,1001.5,5.5,430.0
2022-07-01 12:00:00,31.1,70,0.0,34,1001.7,8.0,833.0
2022-07-02 12:00:00,29.6,80,6.6,100,998.2,17.9,846.0
2022-07-03 12:00:00,34.3,65,0.0,98,998.2,4.6,901.0
2022-07-04 12:00:00,34.8,65,0.0,100,998.1,10.2,706.0
2022-07-05 12:00:00,34.5,68,0.0,100,1000.1,5.6,755.0
2022-07-06 12:00:00,31.0,73,0.4,100,1003.0,4.1,613.0
2022-07-07 12:00:00,27.6,89,0.6,100,1003.3,5.4,219.0
2022-07-08 12:00:00,29.2,79,0.2,100,1004.8,1.5,540.0
2022-07-09 12:00:00,26.7,91,2.0,100,1004.8,8.4,190.0
2022-07-10 12:00:00,31.1,71,0.1,77,1005.0,5.1,782.0
2022-07-11 12:00:00,30.6,74,0.1,78,1005.1,6.3,467.0
2022-07-12 12:00:00,31.4,71,0.1,100,1005.5,3.7,634.0
2022-07-13 12:00:00,29.5,78,0.5,100,1005.2,6.9,337.0
2022-07-14 12:00:00,30.5,73,0.0,100,1004.5,6.0,383.0
2022-07-15 12:00:00,31.1,73,0.2,20,1004.9,0.4,747.0
2022-07-16 12:00:00,33.4,64,0.1,23,1004.2,13.3,869.0
2022-07-17 12:00:00,34.1,66,0.0,100,1003.6,6.6,735.0
2022-07-18 12:00:00,35.8,61,0.0,100,1000.6,3.0,832.0
2022-07-19 12:00:00,33.6,70,0.0,100,1001.8,8.9,739.0
2022-07-20 12:00:00,29.9,78,0.4,100,1006.4,13.9,415.0
2022-07-21 12:00:00,30.0,78,0.2,52,1008.9,15.1,698.0
2022-07-22 12:00:00,30.5,72,0.1,46,1010.3,5.5,738.0
2022-07-23 12:00:00,31.7,70,0.1,28,1009.0,9.7,856.0
2022-07-24 12:00:00,32.8,67,0.0,17,1007.4,10.2,890.0
2022-07-25 12:00:00,33.2,62,0.0,1,1008.2,8.2,906.0
2022-07-26 12:00:00,33.2,63,0.0,1,1007.1,9.8,949.0
2022-07-27 12:00:00,33.3,62,0.0,100,1006.8,12.2,709.0
2022-07-28 12:00:00,33.7,60,0.0,32,1006.5,6.1,798.0
2022-07-29 12:00:00,33.5,61,0.0,100,1005.3,3.5,749.0
2022-07-30 12:00:00,30.6,76,0.1,100,1004.2,3.9,697.0
2022-07-31 12:00:00,31.1,74,0.1,95,1003.7,0.8,923.0
2022-08-01 12:00:00,31.2,75,0.1,40,1004.9,2.7,837.0
2022-08-02 12:00:00,32.0,72,0.1,100,1006.7,6.9,865.0
2022-08-03 12:00:00,32.8,64,0.0,15,1006.4,4.0,816.0
2022-08-04 12:00:00,33.0,70,0.0,97,1003.6,4.0,852.0
2022-08-05 12:00:00,29.3,76,0.0,100,1003.5,1.1,386.0
2022-08-06 12:00:00,29.0,80,0.3,96,1003.7,3.6,699.0
2022-08-07 12:00:00,27.4,87,1.0,100,1005.9,9.8,201.0
2022-08-08 12:00:00,31.2,74,0.1,87,1004.9,6.6,834.0
2022-08-09 12:00:00,30.5,75,0.1,99,1003.9,8.1,828.0
2022-08-10 12:00:00,29.2,79,4.7,100,1001.2,13.5,686.0
2022-08-11 12:00:00,26.1,92,9.6,100,1000.1,20.2,102.0
2022-08-12 12:00:00,25.5,91,3.1,100,1007.2,9.7,104.0
2022-08-13 12:00:00,29.4,79,0.3,100,1006.9,5.8,626.0
2022-08-14 12:00:00,31.0,72,0.0,67,1006.3,5.4,756.0
2022-08-15 12:00:00,30.5,79,0.2,92,1005.1,3.7,572.0
2022-08-16 12:00:00,32.3,71,0.1,77,1004.8,2.6,908.0
2022-08-17 12:00:00,32.1,74,0.2,71,1004.8,8.7,792.0
2022-08-18 12:00:00,32.2,68,0.1,31,1003.7,2.0,850.0
2022-08-19 12:00:00,32.1,77,0.3,31,1002.9,2.5,860.0
2022-08-20 12:00:00,28.5,81,2.8,100,1002.4,6.9,284.0
2022-08-21 12:00:00,28.8,80,0.3,100,1002.7,16.9,373.0
2022-08-22 12:00:00,31.6,67,0.0,56,1005.2,9.4,659.0
2022-08-23 12:00:00,31.1,80,0.3,65,1006.2,1.5,629.0
2022-08-24 12:00:00,30.3,76,0.1,100,1005.1,12.5,533.0
2022-08-25 12:00:00,27.7,92,13.2,100,1001.0,10.1,347.0
2022-08-26 12:00:00,30.5,79,0.4,100,1003.6,20.5,599.0
2022-08-27 12:00:00,31.9,63,0.0,99,1007.8,4.5,668.0
2022-08-28 12:00:00,33.0,67,0.0,81,1007.5,10.8,804.0
2022-08-29 12:00:00,32.8,68,0.0,27,1010.1,14.6,835.0
2022-08-30 12:00:00,33.0,60,0.0,17,1009.6,6.7,916.0
2022-08-31 12:00:00,33.0,64,0.0,100,1007.1,0.8,869.0
2022-09-01 12:00:00,28.6,81,0.2,100,1010.4,12.4,537.0
2022-09-02 12:00:00,31.4,69,0.1,86,1009.3,6.9,820.0
2022-09-03 12:00:00,31.9,70,0.0,100,1006.0,3.6,865.0
2022-09-04 12:00:00,29.8,74,0.1,100,1007.5,12.7,541.0
2022-09-05 12:00:00,32.1,52,0.0,73,1008.9,10.5,786.0
2022-09-06 12:00:00,33.0,56,0.0,89,1009.1,9.2,909.0
2022-09-07 12:00:00,33.0,53,0.0,94,1010.9,10.1,872.0
2022-09-08 12:00:00,26.6,88,1.4,100,1013.0,13.5,343.0
2022-09-09 12:00:00,26.5,86,0.2,100,1014.3,5.8,179.0
2022-09-10 12:00:00,29.5,74,0.1,100,1012.7,2.6,753.0
2022-09-11 12:00:00,30.0,70,0.0,100,1010.5,2.1,700.0
2022-09-12 12:00:00,30.3,71,0.2,92,1009.5,2.5,735.0
2022-09-13 12:00:00,31.4,64,0.0,100,1009.7,0.4,813.0
2022-09-14 12:00:00,30.7,70,0.0,100,1009.6,3.4,532.0
2022-09-15 12:00:00,31.7,70,0.2,79,1006.1,4.8,809.0
2022-09-16 12:00:00,26.9,87,13.8,100,1004.7,8.1,166.0
2022-09-17 12:00:00,26.0,91,0.3,100,1008.0,9.7,167.0
2022-09-18 12:00:00,31.0,77,0.0,50,1007.5,2.6,802.0
2022-09-19 12:00:00,32.5,65,0.0,98,1007.0,0.0,829.0
2022-09-20 12:00:00,32.8,63,0.0,56,1006.9,3.0,839.0
2022-09-21 12:00:00,29.6,75,0.1,100,1009.4,4.6,652.0
2022-09-22 12:00:00,26.5,87,0.1,100,1010.3,5.0,304.0
2022-09-23 12:00:00,31.0,57,0.0,100,1010.6,10.7,797.0
2022-09-24 12:00:00,29.0,71,0.1,69,1011.0,10.9,615.0
2022-09-25 12:00:00,28.0,77,0.2,94,1011.8,1.8,392.0
2022-09-26 12:00:00,30.6,69,0.0,20,1010.6,7.8,805.0
2022-09-27 12:00:00,32.0,56,0.2,100,1007.2,12.4,763.0
2022-09-28 12:00:00,26.2,89,2.7,100,1005.8,15.5,186.0
2022-09-29 12:00:00,26.2,83,0.3,100,1007.3,16.1,189.0
2022-09-30 12:00:00,28.5,78,0.0,100,1008.3,9.7,611.0
2022-10-01 12:00:00,25.1,93,1.3,100,1009.8,8.6,163.0
2022-10-02 12:00:00,28.2,78,0.1,100,1010.9,9.1,406.0
2022-10-03 12:00:00,29.1,72,0.0,100,1012.7,5.4,574.0
2022-10-04 12:00:00,30.0,71,0.1,61,1013.9,3.4,666.0
2022-10-05 12:00:00,30.3,67,0.1,19,1013.6,3.1,746.0
2022-10-06 12:00:00,30.3,67,0.2,41,1013.7,5.4,779.0
2022-10-07 12:00:00,28.3,75,0.1,92,1014.3,10.0,401.0
2022-10-08 12:00:00,27.9,66,0.0,100,1015.2,11.5,511.0
2022-10-09 12:00:00,27.0,75,0.2,100,1017.7,20.7,659.0
2022-10-10 12:00:00,23.4,57,0.0,100,1021.7,15.8,364.0
2022-10-11 12:00:00,25.7,46,0.0,0,1017.9,11.3,828.0
2022-10-12 12:00:00,27.0,41,0.0,0,1016.5,9.8,822.0
2022-10-13 12:00:00,28.0,43,0.0,68,1015.5,11.5,827.0
2022-10-14 12:00:00,28.1,45,0.0,100,1013.6,19.1,821.0
2022-10-15 12:00:00,27.6,43,0.0,100,1014.1,17.8,814.0
2022-10-16 12:00:00,29.0,48,0.0,0,1015.1,18.4,827.0
2022-10-17 12:00:00,28.9,43,0.0,82,1015.2,22.3,821.0
2022-10-18 12:00:00,27.7,36,0.0,90,1015.8,23.6,819.0
2022-10-19 12:00:00,23.3,48,0.0,100,1016.6,9.0,162.0
2022-10-20 12:00:00,19.0,85,0.5,100,1018.0,12.6,118.0
2022-10-21 12:00:00,21.5,88,0.1,100,1019.1,10.8,154.0
2022-10-22 12:00:00,29.4,64,0.0,55,1017.5,9.0,779.0
2022-10-23 12:00:00,31.2,58,0.0,4,1015.3,11.5,767.0
2022-10-24 12:00:00,30.2,63,0.2,12,1014.4,8.1,677.0
2022-10-25 12:00:00,28.5,65,0.0,100,1016.1,9.4,710.0
2022-10-26 12:00:00,27.8,70,0.1,69,1015.0,4.7,541.0
2022-10-27 12:00:00,29.0,62,0.0,12,1014.7,5.6,743.0
2022-10-28 12:00:00,29.4,58,0.0,42,1014.9,8.6,704.0
2022-10-29 12:00:00,28.0,58,0.0,1,1015.6,9.9,761.0
2022-10-30 12:00:00,27.9,60,0.0,30,1014.7,13.2,710.0
2022-10-31 12:00:00,27.9,46,0.0,100,1015.0,22.6,660.0
2022-11-01 12:00:00,27.2,44,0.0,100,1015.3,22.7,795.0
2022-11-02 12:00:00,27.0,41,0.0,13,1013.3,7.2,797.0
2022-11-03 12:00:00,27.9,46,0.0,65,1014.3,8.8,780.0
2022-11-04 12:00:00,28.0,53,0.0,48,1016.9,12.2,759.0
2022-11-05 12:00:00,27.2,52,0.0,7,1018.9,12.9,755.0
2022-11-06 12:00:00,26.0,53,0.0,0,1018.1,6.6,753.0
2022-11-07 12:00:00,26.2,61,0.0,12,1016.9,3.3,642.0
2022-11-08 12:00:00,26.9,59,0.0,14,1017.1,2.6,716.0
2022-11-09 12:00:00,27.5,59,0.0,31,1016.5,1.8,736.0
2022-11-10 12:00:00,27.4,65,0.0,77,1016.2,2.7,469.0
2022-11-11 12:00:00,27.7,72,0.1,19,1015.0,2.3,573.0
2022-11-12 12:00:00,29.0,64,0.1,22,1013.8,5.2,645.0
2022-11-13 12:00:00,28.3,64,0.1,90,1014.9,4.7,562.0
2022-11-14 12:00:00,28.1,68,0.0,100,1015.1,6.5,478.0
2022-11-15 12:00:00,29.2,63,0.2,42,1012.9,8.2,621.0
2022-11-16 12:00:00,30.0,63,0.1,100,1011.4,9.0,620.0
2022-11-17 12:00:00,29.6,65,0.0,100,1011.3,12.4,605.0
2022-11-18 12:00:00,29.2,67,0.0,100,1012.3,10.2,287.0
2022-11-19 12:00:00,25.0,85,2.0,97,1014.2,12.5,139.0
2022-11-20 12:00:00,28.2,62,0.0,100,1012.9,6.6,674.0
2022-11-21 12:00:00,27.9,62,0.0,89,1011.4,5.7,479.0
2022-11-22 12:00:00,29.4,60,0.0,39,1011.2,11.3,677.0
2022-11-23 12:00:00,25.5,85,1.7,100,1012.7,10.8,100.0
2022-11-24 12:00:00,24.0,79,0.3,100,1014.2,8.7,167.0
2022-11-25 12:00:00,23.3,88,0.3,100,1014.5,5.4,105.0
2022-11-26 12:00:00,25.6,81,0.0,100,1013.2,6.5,282.0
2022-11-27 12:00:00,29.6,68,0.0,95,1008.4,22.5,449.0
2022-11-28 12:00:00,30.9,68,0.0,3,1008.2,15.2,661.0
2022-11-29 12:00:00,30.4,69,0.0,23,1009.9,6.3,622.0
2022-11-30 12:00:00,26.9,81,1.0,100,1013.8,18.7,159.0
2022-12-01 12:00:00,14.2,76,0.0,100,1022.0,16.3,126.0
2022-12-02 12:00:00,14.6,62,0.0,100,1021.6,11.7,342.0
2022-12-03 12:00:00,17.8,64,0.0,100,1017.6,5.4,332.0
2022-12-04 12:00:00,17.5,75,0.0,100,1019.5,13.0,208.0
2022-12-05 12:00:00,17.2,59,0.0,95,1023.5,13.7,327.0
2022-12-06 12:00:00,18.4,57,0.0,0,1019.9,6.9,689.0
2022-12-07 12:00:00,16.8,66,0.0,100,1019.8,10.1,209.0
2022-12-08 12:00:00,18.0,71,0.0,100,1019.1,8.7,169.0
2022-12-09 12:00:00,17.7,79,0.0,100,1017.8,8.5,194.0
2022-12-10 12:00:00,18.5,75,0.0,100,1017.3,10.0,175.0
2022-12-11 12:00:00,18.8,57,0.0,100,1019.8,10.5,152.0
2022-12-12 12:00:00,19.9,48,0.0,33,1021.9,16.6,551.0
2022-12-13 12:00:00,19.5,40,0.0,0,1020.7,8.5,690.0
2022-12-14 12:00:00,19.5,42,0.0,3,1023.0,13.8,680.0
2022-12-15 12:00:00,19.4,53,0.0,0,1017.5,1.3,679.0
2022-12-16 12:00:00,21.5,51,0.0,0,1018.5,9.7,678.0
2022-12-17 12:00:00,17.5,37,0.0,100,1028.4,25.2,294.0
2022-12-18 12:00:00,17.2,31,0.0,91,1027.9,15.0,687.0
2022-12-19 12:00:00,17.0,36,0.0,0,1021.6,2.6,694.0
2022-12-20 12:00:00,19.4,50,0.0,63,1017.3,3.7,675.0
2022-12-21 12:00:00,19.6,43,0.0,57,1019.3,11.2,555.0
2022-12-22 12:00:00,21.1,40,0.0,12,1016.8,8.3,685.0
2022-12-23 12:00:00,21.9,42,0.0,89,1018.2,7.4,557.0
2022-12-24 12:00:00,21.6,41,0.0,2,1021.2,5.0,680.0
2022-12-25 12:00:00,22.3,46,0.0,0,1020.7,11.5,678.0
2022-12-26 12:00:00,21.8,65,0.0,100,1021.2,4.1,535.0
2022-12-27 12:00:00,23.4,58,0.0,100,1019.6,12.6,498.0
2022-12-28 12:00:00,14.1,84,1.3,100,1023.9,22.5,155.0
2022-12-29 12:00:00,14.7,55,0.0,100,1027.0,17.0,371.0
2022-12-30 12:00:00,13.7,57,0.0,100,1027.7,10.9,106.0
2022-12-31 12:00:00,18.5,47,0.0,1,1025.6,6.4,674.0
2023-01-01 12:00:00,19.1,49,0.0,1,1024.5,6.2,687.0
2023-01-02 12:00:00,18.9,60,0.0,100,1025.6,10.5,289.0
2023-01-03 12:00:00,18.0,58,0.0,72,1025.7,9.2,292.0
2023-01-04 12:00:00,21.5,54,0.0,54,1023.2,3.7,676.0
2023-01-05 12:00:00,20.4,67,0.0,100,1023.8,7.6,260.0
2023-01-06 12:00:00,23.4,43,0.0,1,1026.0,22.1,692.0
2023-01-07 12:00:00,21.4,42,0.0,48,1021.6,9.0,507.0
2023-01-08 12:00:00,19.7,60,0.0,100,1020.1,4.6,267.0
2023-01-09 12:00:00,21.3,67,0.0,100,1019.6,5.9,382.0
2023-01-10 12:00:00,19.4,87,0.7,100,1018.9,6.2,115.0
2023-01-11 12:00:00,22.1,73,0.1,100,1015.5,2.3,399.0
2023-01-12 12:00:00,21.9,76,0.1,100,1012.4,6.8,272.0
2023-01-13 12:00:00,25.1,68,0.0,4,1009.3,2.8,689.0
2023-01-14 12:00:00,27.7,58,0.0,3,1007.5,11.6,708.0
2023-01-15 12:00:00,20.1,57,0.0,100,1015.5,17.8,303.0
2023-01-16 12:00:00,13.1,44,0.0,100,1023.9,11.3,205.0
2023-01-17 12:00:00,13.2,50,0.0,100,1025.5,12.8,290.0
2023-01-18 12:00:00,14.7,42,0.0,100,1026.7,9.4,355.0
2023-01-19 12:00:00,17.4,46,0.0,36,1024.1,3.6,612.0
2023-01-20 12:00:00,17.2,47,0.0,100,1023.4,4.6,332.0
2023-01-21 12:00:00,20.6,52,0.0,95,1018.6,8.3,670.0
2023-01-22 12:00:00,19.2,73,0.0,100,1016.3,6.0,363.0
2023-01-23 12:00:00,20.9,81,0.4,100,1016.1,7.1,263.0
2023-01-24 12:00:00,16.9,37,0.0,52,1028.8,23.1,370.0
2023-01-25 12:00:00,16.5,38,0.0,69,1022.2,5.2,758.0
2023-01-26 12:00:00,20.3,57,0.0,100,1016.3,12.3,468.0
2023-01-27 12:00:00,17.0,39,0.0,100,1026.2,18.7,296.0
2023-01-28 12:00:00,17.5,25,0.0,0,1025.5,11.9,761.0
2023-01-29 12:00:00,18.5,24,0.0,0,1026.4,9.3,764.0
2023-01-30 12:00:00,19.5,39,0.0,0,1022.7,4.0,762.0
2023-01-31 12:00:00,21.0,43,0.0,0,1015.6,9.2,766.0
2023-02-01 12:00:00,20.6,66,0.0,76,1013.8,5.3,445.0
2023-02-02 12:00:00,22.0,80,0.0,100,1016.6,7.6,210.0
2023-02-03 12:00:00,20.9,93,0.3,100,1016.7,9.2,86.0
2023-02-04 12:00:00,22.4,83,0.1,100,1013.8,8.6,200.0
2023-02-05 12:00:00,20.7,94,0.9,100,1013.1,9.9,99.0
2023-02-06 12:00:00,22.5,83,0.1,100,1012.2,12.7,251.0
2023-02-07 12:00:00,23.2,82,0.3,100,1013.3,17.5,163.0
2023-02-08 12:00:00,23.6,82,0.1,100,1012.6,16.5,198.0
2023-02-09 12:00:00,23.0,91,0.2,100,1013.5,13.6,149.0
2023-02-10 12:00:00,27.5,68,0.1,52,1012.3,21.1,552.0
2023-02-11 12:00:00,26.9,74,0.1,100,1009.4,22.6,321.0
2023-02-12 12:00:00,28.2,68,0.0,0,1008.6,10.7,590.0
2023-02-13 12:00:00,27.8,69,0.0,44,1011.3,6.6,680.0
2023-02-14 12:00:00,15.6,77,0.6,100,1021.6,14.8,133.0
2023-02-15 12:00:00,16.5,58,0.0,100,1024.4,12.9,221.0
2023-02-16 12:00:00,18.1,60,0.0,100,1025.0,6.9,260.0
2023-02-17 12:00:00,19.9,66,0.0,100,1020.4,4.1,421.0
2023-02-18 12:00:00,22.1,68,0.0,100,1017.0,8.7,334.0
2023-02-19 12:00:00,22.6,76,0.4,100,1020.4,14.1,541.0
2023-02-20 12:00:00,22.2,55,0.0,53,1019.9,8.7,490.0
2023-02-21 12:00:00,25.1,53,0.0,100,1020.0,13.7,679.0
2023-02-22 12:00:00,22.3,61,0.0,100,1020.9,15.3,267.0
2023-02-23 12:00:00,23.5,63,0.0,100,1016.8,11.6,361.0
2023-02-24 12:00:00,20.2,67,0.0,100,1021.1,21.2,157.0
2023-02-25 12:00:00,21.1,41,0.0,13,1027.9,16.1,767.0
2023-02-26 12:00:00,21.2,33,0.0,0,1029.3,14.8,798.0
2023-02-27 12:00:00,22.1,40,0.0,100,1026.4,4.4,764.0
2023-02-28 12:00:00,22.5,55,0.0,100,1022.7,8.9,587.0
2023-03-01 12:00:00,22.2,65,0.1,100,1022.3,5.9,387.0
2023-03-02 12:00:00,26.8,43,0.0,100,1023.1,8.0,780.0
2023-03-03 12:00:00,23.8,61,0.0,79,1023.2,7.6,371.0
2023-03-04 12:00:00,22.9,59,0.0,62,1024.9,3.3,444.0
2023-03-05 12:00:00,24.5,55,0.0,100,1022.4,3.4,605.0
2023-03-06 12:00:00,25.0,55,0.0,100,1019.5,14.2,367.0
2023-03-07 12:00:00,23.8,65,0.0,100,1019.0,13.8,349.0
2023-03-08 12:00:00,25.4,60,0.0,100,1019.0,8.1,344.0
2023-03-09 12:00:00,27.2,57,0.0,28,1018.4,5.0,722.0
2023-03-10 12:00:00,28.9,47,0.0,100,1015.0,14.6,773.0
2023-03-11 12:00:00,25.0,64,0.1,100,1017.0,13.2,328.0
2023-03-12 12:00:00,26.6,59,0.0,100,1018.9,4.1,411.0
2023-03-13 12:00:00,19.7,46,0.0,100,1023.3,11.9,235.0
2023-03-14 12:00:00,24.5,50,0.0,3,1014.6,10.5,785.0
2023-03-15 12:00:00,23.7,74,0.0,100,1015.0,6.6,337.0
2023-03-16 12:00:00,27.1,59,0.0,100,1015.7,18.8,379.0
2023-03-17 12:00:00,26.6,65,0.0,100,1014.7,13.0,423.0
2023-03-18 12:00:00,27.0,63,0.0,100,1013.7,17.2,424.0
2023-03-19 12:00:00,27.6,61,0.0,100,1011.8,19.7,387.0
2023-03-20 12:00:00,27.5,70,0.1,100,1008.7,17.5,356.0
2023-03-21 12:00:00,29.1,70,0.0,99,1005.8,4.0,623.0
2023-03-22 12:00:00,32.5,60,0.0,6,1003.5,3.1,798.0
2023-03-23 12:00:00,32.3,62,0.0,4,1003.7,1.6,794.0
2023-03-24 12:00:00,32.3,60,0.0,0,1006.0,6.6,796.0
2023-03-25 12:00:00,25.5,87,1.3,100,1010.7,3.3,255.0
2023-03-26 12:00:00,23.5,65,0.0,100,1012.9,9.4,377.0
2023-03-27 12:00:00,19.2,77,0.1,100,1016.7,11.7,169.0
2023-03-28 12:00:00,20.0,74,0.0,100,1017.3,7.6,264.0
2023-03-29 12:00:00,22.6,70,0.0,100,1014.7,9.1,627.0
2023-03-30 12:00:00,21.0,74,0.0,100,1012.8,2.3,244.0
2023-03-31 12:00:00,23.4,76,0.0,100,1012.3,2.9,356.0
2023-04-01 12:00:00,23.9,83,0.0,100,1010.1,4.9,240.0
2023-04-02 12:00:00,26.9,84,0.1,100,1007.2,10.0,221.0
2023-04-03 12:00:00,30.3,68,0.0,13,1005.0,4.0,617.0
2023-04-04 12:00:00,30.4,71,0.0,4,1003.9,5.7,762.0
2023-04-05 12:00:00,30.6,69,0.0,3,1005.8,3.6,816.0
2023-04-06 12:00:00,30.4,68,0.1,34,1009.6,10.0,574.0
2023-04-07 12:00:00,25.0,56,0.0,100,1015.8,4.6,346.0
2023-04-08 12:00:00,21.4,72,0.0,100,1020.2,14.2,220.0
2023-04-09 12:00:00,20.9,75,0.0,100,1018.1,4.4,254.0
2023-04-10 12:00:00,23.2,78,0.0,100,1013.0,1.4,321.0
2023-04-11 12:00:00,25.9,79,0.0,100,1010.3,0.5,384.0
2023-04-12 12:00:00,28.4,75,0.1,100,1009.9,17.4,430.0
2023-04-13 12:00:00,27.0,86,0.2,100,1009.0,18.9,252.0
2023-04-14 12:00:00,27.6,84,0.1,100,1008.6,15.1,245.0
2023-04-15 12:00:00,28.9,69,0.1,100,1011.7,18.8,521.0
2023-04-16 12:00:00,29.2,63,0.0,93,1009.5,6.8,720.0
2023-04-17 12:00:00,28.8,76,0.1,100,1007.2,15.1,381.0
2023-04-18 12:00:00,30.3,74,0.1,100,1005.6,6.9,445.0
2023-04-19 12:00:00,32.3,66,0.0,4,1002.1,3.6,747.0
2023-04-20 12:00:00,31.1,70,0.0,100,1001.6,2.6,613.0
2023-04-21 12:00:00,31.8,67,0.0,66,1003.1,3.1,695.0
2023-04-22 12:00:00,33.0,64,0.0,6,1004.4,7.5,712.0
2023-04-23 12:00:00,31.8,68,0.0,93,1007.8,16.9,543.0
2023-04-24 12:00:00,31.9,68,0.1,52,1010.7,12.6,775.0
2023-04-25 12:00:00,21.5,76,0.5,100,1015.8,13.9,283.0
2023-04-26 12:00:00,25.1,54,0.0,100,1015.2,4.0,643.0
2023-04-27 12:00:00,28.5,65,0.0,100,1011.6,14.3,726.0
2023-04-28 12:00:00,30.1,70,0.3,72,1010.4,21.9,675.0
2023-04-29 12:00:00,26.4,79,0.1,92,1012.0,15.1,189.0
2023-04-30 12:00:00,21.3,75,0.8,100,1015.3,6.8,310.0
2023-05-01 12:00:00,28.4,60,0.0,100,1012.2,9.4,887.0
2023-05-02 12:00:00,29.3,68,0.1,100,1011.4,19.5,534.0
2023-05-03 12:00:00,30.9,66,0.0,100,1010.2,19.1,427.0
2023-05-04 12:00:00,33.0,68,0.0,100,1004.4,16.0,732.0
2023-05-05 12:00:00,33.2,70,0.0,15,1000.3,2.4,837.0
2023-05-06 12:00:00,37.0,56,0.0,0,998.8,2.3,903.0
2023-05-07 12:00:00,35.5,59,0.0,51,1001.9,11.5,876.0
2023-05-08 12:00:00,25.5,79,0.3,100,1010.7,13.8,227.0
2023-05-09 12:00:00,27.5,74,0.1,100,1010.8,4.9,365.0
2023-05-10 12:00:00,30.9,73,0.2,38,1009.1,11.8,724.0
2023-05-11 12:00:00,24.3,96,2.8,100,1012.3,7.2,135.0
2023-05-12 12:00:00,25.5,65,0.0,100,1015.0,13.8,290.0
2023-05-13 12:00:00,23.4,75,0.0,100,1014.7,15.0,204.0
2023-05-14 12:00:00,26.1,68,0.0,42,1012.9,8.6,612.0
2023-05-15 12:00:00,29.1,66,0.0,100,1009.2,11.3,485.0
2023-05-16 12:00:00,32.3,68,0.0,89,1004.8,10.6,832.0
2023-05-17 12:00:00,35.7,51,0.0,0,1003.7,11.9,930.0
2023-05-18 12:00:00,35.0,53,0.0,0,1004.4,3.9,932.0
2023-05-19 12:00:00,34.1,66,0.0,0,1004.5,4.9,921.0
2023-05-20 12:00:00,34.5,63,0.0,4,1004.1,1.5,894.0
2023-05-21 12:00:00,35.5,64,0.0,82,1004.8,5.4,925.0
2023-05-22 12:00:00,35.2,61,0.0,12,1004.6,1.9,926.0
2023-05-23 12:00:00,32.8,67,0.0,100,1005.9,7.4,638.0
2023-05-24 12:00:00,30.2,75,0.1,100,1007.1,6.6,442.0
2023-05-25 12:00:00,31.0,74,0.2,96,1007.3,9.4,623.0
2023-05-26 12:00:00,31.8,69,0.2,58,1008.7,14.9,733.0
2023-05-27 12:00:00,29.5,78,2.1,79,1007.4,15.5,727.0
2023-05-28 12:00:00,31.5,70,0.1,100,1007.9,13.6,839.0
2023-05-29 12:00:00,32.2,66,0.1,28,1008.2,5.0,853.0
2023-05-30 12:00:00,33.6,60,0.0,5,1006.4,5.3,893.0
2023-05-31 12:00:00,34.4,61,0.0,0,1003.2,6.9,928.0
2023-06-01 12:00:00,34.6,63,0.0,14,1001.4,1.5,913.0
2023-06-02 12:00:00,35.7,60,0.0,93,1002.3,2.3,885.0
2023-06-03 12:00:00,35.2,59,0.0,14,1004.7,3.1,847.0
2023-06-04 12:00:00,32.8,68,0.1,83,1005.3,9.4,529.0
2023-06-05 12:00:00,31.3,71,0.1,100,1006.0,7.8,497.0
2023-06-06 12:00:00,30.2,78,0.0,82,1005.9,10.6,596.0
2023-06-07 12:00:00,31.9,70,0.1,76,1005.8,7.2,812.0
2023-06-08 12:00:00,31.5,75,0.0,100,1004.3,4.6,696.0
2023-06-09 12:00:00,31.8,62,0.0,100,1003.9,14.7,730.0
2023-06-10 12:00:00,33.5,63,0.0,100,1002.1,5.7,901.0
2023-06-11 12:00:00,34.4,58,0.0,14,1001.2,5.9,877.0
2023-06-12 12:00:00,33.1,66,0.1,100,1001.3,4.9,840.0
2023-06-13 12:00:00,31.7,71,0.5,100,1002.1,7.9,605.0
2023-06-14 12:00:00,29.4,77,0.5,100,1005.3,6.8,541.0
2023-06-15 12:00:00,32.2,70,0.1,100,1003.7,6.8,820.0
2023-06-16 12:00:00,32.7,70,0.3,100,1002.4,1.1,657.0
2023-06-17 12:00:00,33.6,67,0.0,100,1003.1,7.8,663.0
2023-06-18 12:00:00,31.2,76,0.3,100,1004.3,7.6,557.0
2023-06-19 12:00:00,31.2,74,0.1,100,1003.7,6.5,398.0
2023-06-20 12:00:00,33.2,68,0.1,100,1003.7,4.7,739.0
2023-06-21 12:00:00,33.0,68,0.1,100,1004.3,3.4,710.0
2023-06-22 12:00:00,32.5,66,0.2,100,1003.9,9.2,559.0
2023-06-23 12:00:00,29.0,80,1.4,100,1004.6,3.7,293.0
2023-06-24 12:00:00,27.2,90,2.0,100,1004.2,4.7,100.0
2023-06-25 12:00:00,27.1,84,1.5,100,1005.9,5.2,283.0
2023-06-26 12:00:00,26.8,86,0.6,100,1007.1,7.9,213.0
2023-06-27 12:00:00,30.1,75,0.3,100,1007.7,13.9,768.0
2023-06-28 12:00:00,32.4,68,0.0,85,1007.5,15.7,865.0
2023-06-29 12:00:00,33.3,66,0.0,91,1004.2,12.6,861.0
2023-06-30 12:00:00,35.1,63,0.0,99,1002.1,10.1,866.0
2023-07-01 12:00:00,35.2,65,0.0,100,1002.3,2.1,903.0
2023-07-02 12:00:00,35.3,61,0.0,96,1002.8,2.4,922.0
2023-07-03 12:00:00,34.2,66,0.0,100,1003.8,5.4,788.0
2023-07-04 12:00:00,33.3,64,0.1,98,1004.0,5.5,760.0
2023-07-05 12:00:00,33.2,68,0.1,16,1004.1,3.0,852.0
2023-07-06 12:00:00,35.0,56,0.0,19,1004.4,10.9,888.0
2023-07-07 12:00:00,35.6,57,0.0,34,1005.0,12.4,912.0
2023-07-08 12:00:00,34.3,65,0.0,92,1006.3,13.4,929.0
2023-07-09 12:00:00,34.5,61,0.0,98,1006.4,16.0,889.0
2023-07-10 12:00:00,34.7,57,0.0,99,1005.4,8.6,873.0
2023-07-11 12:00:00,34.7,58,0.0,39,1004.8,9.6,807.0
2023-07-12 12:00:00,35.3,53,0.0,31,1004.3,10.2,856.0
2023-07-13 12:00:00,34.8,54,0.0,94,1003.3,4.7,939.0
2023-07-14 12:00:00,32.3,73,3.6,96,1003.7,8.2,737.0
2023-07-15 12:00:00,31.4,71,0.1,20,1003.1,13.3,736.0
2023-07-16 12:00:00,35.1,47,0.7,97,1000.6,14.4,813.0
2023-07-17 12:00:00,35.2,45,0.0,100,999.0,22.3,788.0
2023-07-18 12:00:00,30.9,55,0.0,100,998.9,23.9,350.0
2023-07-19 12:00:00,28.5,78,0.8,100,1004.5,14.8,650.0
2023-07-20 12:00:00,27.1,87,1.0,100,1007.0,2.3,267.0
2023-07-21 12:00:00,30.1,77,0.1,100,1009.6,6.6,696.0
2023-07-22 12:00:00,32.9,64,0.0,73,1009.7,10.6,794.0
2023-07-23 12:00:00,33.8,58,0.0,8,1008.0,11.7,896.0
2023-07-24 12:00:00,33.8,57,0.0,91,1006.4,7.4,900.0
2023-07-25 12:00:00,34.3,53,0.0,95,1005.9,7.0,921.0
2023-07-26 12:00:00,34.0,61,0.0,100,1003.9,2.2,911.0
2023-07-27 12:00:00,35.0,63,0.0,96,1000.4,4.7,903.0
2023-07-28 12:00:00,31.1,75,0.1,100,999.0,13.3,567.0
2023-07-29 12:00:00,33.5,69,0.2,56,1000.4,3.6,903.0
2023-07-30 12:00:00,31.0,75,0.3,100,1001.7,4.8,493.0
2023-07-31 12:00:00,30.5,79,0.7,100,1003.3,5.0,407.0
2023-08-01 12:00:00,31.2,74,0.4,74,1002.8,0.0,663.0
2023-08-02 12:00:00,30.9,74,0.1,100,1002.2,3.4,575.0
2023-08-03 12:00:00,31.1,72,0.1,97,1000.7,7.7,534.0
2023-08-04 12:00:00,29.0,82,0.3,100,1002.2,12.6,500.0
2023-08-05 12:00:00,28.6,84,0.0,100,1002.0,7.3,238.0
2023-08-06 12:00:00,29.2,81,0.0,100,999.1,7.6,356.0
2023-08-07 12:00:00,31.1,67,0.0,57,998.4,8.7,597.0
2023-08-08 12:00:00,31.5,79,0.7,26,1000.5,2.9,799.0
2023-08-09 12:00:00,32.7,66,0.1,77,1002.9,6.4,818.0
2023-08-10 12:00:00,31.8,75,0.4,82,1003.8,5.1,764.0
2023-08-11 12:00:00,31.1,79,0.5,87,1001.7,1.8,711.0
2023-08-12 12:00:00,30.6,83,0.7,88,1002.0,4.1,753.0
2023-08-13 12:00:00,31.6,75,0.1,49,1002.9,2.9,846.0
2023-08-14 12:00:00,31.5,79,0.3,91,1003.0,1.8,782.0
2023-08-15 12:00:00,30.5,72,0.2,98,1004.8,3.9,715.0
2023-08-16 12:00:00,31.5,78,0.0,48,1005.7,2.3,752.0
2023-08-17 12:00:00,32.7,74,0.1,82,1005.6,4.8,776.0
2023-08-18 12:00:00,32.8,71,0.0,100,1003.8,8.2,564.0
2023-08-19 12:00:00,27.1,88,0.2,100,1006.0,7.7,150.0
2023-08-20 12:00:00,27.8,87,0.6,100,1007.0,8.6,239.0
2023-08-21 12:00:00,32.0,74,0.0,92,1006.4,11.3,907.0
2023-08-22 12:00:00,31.9,76,0.1,100,1005.1,4.0,793.0
2023-08-23 12:00:00,32.7,71,0.2,100,1002.7,3.5,735.0
2023-08-24 12:00:00,30.5,75,0.1,76,1004.9,2.6,688.0
2023-08-25 12:00:00,30.1,79,0.1,100,1005.1,2.8,586.0
2023-08-26 12:00:00,31.2,82,0.6,100,1002.7,7.9,642.0
2023-08-27 12:00:00,33.5,63,0.2,100,1000.3,6.5,797.0
2023-08-28 12:00:00,29.0,73,0.0,100,1003.3,12.0,487.0
2023-08-29 12:00:00,30.4,61,0.0,91,1005.4,18.3,835.0
2023-08-30 12:00:00,31.1,53,0.0,34,1007.4,19.0,785.0
2023-08-31 12:00:00,31.9,49,0.0,8,1007.9,16.4,920.0
2023-09-01 12:00:00,32.5,52,0.0,10,1006.1,14.6,787.0
2023-09-02 12:00:00,34.0,50,0.0,43,1003.8,16.9,905.0
2023-09-03 12:00:00,26.9,71,0.0,100,1003.6,18.4,196.0
2023-09-04 12:00:00,28.6,70,0.1,53,1005.9,15.1,556.0
2023-09-05 12:00:00,32.2,58,0.0,58,1006.6,12.0,784.0
2023-09-06 12:00:00,32.8,66,0.0,100,1007.3,12.3,868.0
2023-09-07 12:00:00,33.0,66,0.0,18,1007.1,9.2,830.0
2023-09-08 12:00:00,32.0,70,0.1,75,1006.7,10.9,846.0
2023-09-09 12:00:00,30.9,74,0.1,100,1005.4,6.4,786.0
2023-09-10 12:00:00,31.0,76,0.3,96,1004.0,5.5,784.0
2023-09-11 12:00:00,31.1,75,0.1,100,1003.1,2.2,678.0
2023-09-12 12:00:00,30.6,78,0.4,100,1003.9,4.0,659.0
2023-09-13 12:00:00,27.5,82,0.2,100,1005.9,16.5,222.0
2023-09-14 12:00:00,24.6,88,3.2,100,1007.9,13.1,79.0
2023-09-15 12:00:00,26.0,86,2.0,100,1009.5,10.4,112.0
2023-09-16 12:00:00,27.4,80,0.4,100,1010.3,8.4,158.0
2023-09-17 12:00:00,29.1,78,0.1,100,1009.0,2.4,561.0
2023-09-18 12:00:00,30.1,76,0.1,66,1009.7,4.3,712.0
2023-09-19 12:00:00,31.6,68,0.1,97,1009.8,10.2,780.0
2023-09-20 12:00:00,31.5,75,0.3,44,1009.5,9.5,779.0
2023-09-21 12:00:00,31.9,71,0.0,27,1010.2,9.9,805.0
2023-09-22 12:00:00,32.7,65,0.0,59,1009.8,7.6,843.0
2023-09-23 12:00:00,32.0,69,0.0,9,1009.7,6.3,827.0
2023-09-24 12:00:00,31.5,69,0.0,33,1009.3,7.0,764.0
2023-09-25 12:00:00,32.0,66,0.1,40,1008.5,7.0,678.0
2023-09-26 12:00:00,26.9,87,2.2,100,1008.7,9.7,131.0
2023-09-27 12:00:00,25.8,91,1.5,100,1009.0,13.2,381.0
2023-09-28 12:00:00,26.6,85,0.7,100,1011.8,10.8,314.0
2023-09-29 12:00:00,30.4,70,0.1,100,1012.2,7.1,600.0
2023-09-30 12:00:00,30.5,76,0.2,17,1011.0,2.9,759.0
2023-10-01 12:00:00,32.4,58,0.0,6,1009.3,6.6,816.0
2023-10-02 12:00:00,31.9,61,0.0,15,1010.5,4.9,786.0
2023-10-03 12:00:00,31.9,62,0.0,71,1010.5,1.1,821.0
2023-10-04 12:00:00,32.7,59,0.0,17,1009.6,6.0,816.0
2023-10-05 12:00:00,32.8,63,0.0,10,1008.7,6.9,809.0
2023-10-06 12:00:00,32.2,68,0.0,78,1008.7,10.0,697.0
2023-10-07 12:00:00,29.0,78,0.0,60,1010.8,10.8,480.0
2023-10-08 12:00:00,27.0,59,0.0,99,1014.3,12.0,497.0
2023-10-09 12:00:00,28.0,57,0.0,100,1015.8,18.1,815.0
2023-10-10 12:00:00,27.2,61,0.0,100,1016.6,20.4,504.0
2023-10-11 12:00:00,27.1,62,0.0,100,1017.2,14.1,805.0
2023-10-12 12:00:00,25.8,73,0.0,100,1017.9,7.8,339.0
2023-10-13 12:00:00,28.5,65,0.0,17,1016.1,11.4,741.0
2023-10-14 12:00:00,28.8,62,0.0,70,1013.3,10.7,652.0
2023-10-15 12:00:00,27.0,57,0.0,44,1013.9,16.6,737.0
2023-10-16 12:00:00,29.3,54,0.0,59,1014.6,11.0,754.0
2023-10-17 12:00:00,29.8,52,0.0,20,1014.2,7.9,809.0
2023-10-18 12:00:00,30.6,56,0.0,9,1012.5,10.7,800.0
2023-10-19 12:00:00,31.4,58,0.0,100,1010.5,17.3,692.0
2023-10-20 12:00:00,29.9,47,0.0,84,1015.6,25.6,780.0
2023-10-21 12:00:00,26.1,47,0.0,100,1019.0,14.7,486.0
2023-10-22 12:00:00,25.5,61,0.0,87,1018.5,12.0,493.0
2023-10-23 12:00:00,27.4,62,0.0,58,1016.9,6.3,559.0
2023-10-24 12:00:00,29.3,61,0.0,39,1015.6,5.5,489.0
2023-10-25 12:00:00,30.8,57,0.0,25,1014.6,5.4,733.0
2023-10-26 12:00:00,31.0,55,0.0,22,1013.9,7.6,698.0
2023-10-27 12:00:00,31.1,54,0.0,16,1012.7,6.5,727.0
2023-10-28 12:00:00,28.6,68,0.1,92,1014.1,13.8,571.0
2023-10-29 12:00:00,25.9,81,0.1,100,1015.1,16.8,370.0
2023-10-30 12:00:00,26.5,63,0.0,90,1018.1,10.7,481.0
2023-10-31 12:00:00,28.1,57,0.0,100,1018.7,10.2,639.0
2023-11-01 12:00:00,28.3,59,0.0,23,1017.3,5.9,694.0
2023-11-02 12:00:00,28.6,60,0.0,52,1014.0,5.8,754.0
2023-11-03 12:00:00,30.0,62,0.0,39,1010.9,13.1,649.0
2023-11-04 12:00:00,30.1,69,0.0,100,1011.2,13.2,638.0
2023-11-05 12:00:00,30.8,68,0.0,18,1012.0,15.4,665.0
2023-11-06 12:00:00,27.6,74,0.1,99,1014.6,11.3,263.0
2023-11-07 12:00:00,26.3,68,0.0,95,1015.7,4.8,363.0
2023-11-08 12:00:00,28.5,66,0.0,86,1013.1,4.7,510.0
2023-11-09 12:00:00,30.2,66,0.0,45,1012.4,8.0,606.0
2023-11-10 12:00:00,30.9,65,0.0,16,1014.1,10.5,661.0
2023-11-11 12:00:00,30.8,65,0.1,39,1014.9,10.2,689.0
2023-11-12 12:00:00,27.4,77,0.0,77,1017.6,8.4,521.0
2023-11-13 12:00:00,16.1,86,2.1,100,1024.7,21.9,68.0
2023-11-14 12:00:00,19.7,66,0.0,100,1023.7,9.2,424.0
2023-11-15 12:00:00,21.4,70,0.0,99,1021.1,5.7,283.0
2023-11-16 12:00:00,20.7,54,0.0,98,1028.2,24.9,318.0
2023-11-17 12:00:00,23.5,42,0.0,97,1026.5,17.5,732.0
2023-11-18 12:00:00,23.0,43,0.0,58,1022.9,8.1,738.0
2023-11-19 12:00:00,23.6,52,0.0,0,1020.6,7.4,724.0
2023-11-20 12:00:00,23.9,56,0.0,0,1018.9,6.6,727.0
2023-11-21 12:00:00,24.1,56,0.0,0,1016.3,3.8,736.0
2023-11-22 12:00:00,24.1,71,0.1,99,1015.3,5.0,424.0
2023-11-23 12:00:00,26.3,64,0.0,49,1016.4,4.1,615.0
2023-11-24 12:00:00,26.5,60,0.2,29,1018.0,8.1,624.0
2023-11-25 12:00:00,26.5,59,0.0,27,1018.6,5.5,622.0
2023-11-26 12:00:00,25.4,67,0.0,99,1020.4,8.7,441.0
2023-11-27 12:00:00,26.4,61,0.0,60,1019.3,6.5,663.0
2023-11-28 12:00:00,25.9,52,0.0,0,1018.4,4.9,714.0
2023-11-29 12:00:00,25.7,63,0.0,54,1016.7,2.1,535.0
2023-11-30 12:00:00,24.5,77,0.1,100,1019.0,9.9,228.0
2023-12-01 12:00:00,19.8,70,0.0,100,1021.6,17.3,167.0
2023-12-02 12:00:00,18.3,74,0.0,100,1021.5,9.3,151.0
2023-12-03 12:00:00,20.1,74,0.0,100,1020.6,10.9,196.0
2023-12-04 12:00:00,20.4,72,0.0,100,1018.7,10.1,211.0
2023-12-05 12:00:00,21.4,71,0.0,100,1015.4,1.8,229.0
2023-12-06 12:00:00,21.0,75,0.0,100,1020.4,13.1,146.0
2023-12-07 12:00:00,24.0,48,0.0,95,1018.6,6.2,672.0
2023-12-08 12:00:00,25.0,56,0.0,89,1013.7,10.5,665.0
2023-12-09 12:00:00,26.9,65,0.0,98,1011.3,12.1,480.0
2023-12-10 12:00:00,26.5,80,0.1,100,1010.7,14.7,232.0
2023-12-11 12:00:00,27.9,75,0.2,34,1013.1,13.2,478.0
2023-12-12 12:00:00,28.1,71,0.0,100,1014.8,11.8,567.0
2023-12-13 12:00:00,27.0,68,0.2,66,1016.9,14.8,449.0
2023-12-14 12:00:00,28.0,65,0.1,100,1015.6,18.5,559.0
2023-12-15 12:00:00,28.1,66,0.0,100,1013.6,14.2,359.0
2023-12-16 12:00:00,19.6,52,0.0,100,1021.3,21.0,254.0
2023-12-17 12:00:00,13.9,62,0.0,100,1025.6,12.1,268.0
2023-12-18 12:00:00,16.2,66,0.0,100,1022.3,8.1,252.0
2023-12-19 12:00:00,14.3,64,0.0,100,1023.7,16.1,240.0
2023-12-20 12:00:00,15.1,51,0.0,100,1026.5,16.2,213.0
2023-12-21 12:00:00,15.6,43,0.0,100,1028.4,13.6,475.0
2023-12-22 12:00:00,14.6,40,0.0,86,1031.3,14.0,685.0
2023-12-23 12:00:00,16.4,38,0.0,89,1030.4,16.8,679.0
2023-12-24 12:00:00,15.6,37,0.0,100,1031.5,13.1,256.0
2023-12-25 12:00:00,18.5,29,0.0,0,1026.4,10.4,689.0
2023-12-26 12:00:00,19.8,39,0.0,0,1024.6,5.5,687.0
2023-12-27 12:00:00,21.4,56,0.0,0,1023.9,6.0,667.0
2023-12-28 12:00:00,22.4,62,0.0,0,1022.0,3.9,682.0
2023-12-29 12:00:00,23.4,62,0.0,20,1020.0,2.0,613.0
2023-12-30 12:00:00,23.6,69,0.0,100,1018.3,4.7,448.0
2023-12-31 12:00:00,25.8,60,0.0,97,1017.7,3.5,564.0
2024-01-01 12:00:00,26.1,60,0.0,98,1017.3,10.2,578.0
2024-01-02 12:00:00,26.4,62,0.1,26,1015.7,10.5,419.0
2024-01-03 12:00:00,18.0,78,0.3,100,1021.7,12.3,166.0
2024-01-04 12:00:00,22.0,53,0.0,77,1019.4,6.9,547.0
2024-01-05 12:00:00,22.2,73,0.0,100,1017.6,7.8,222.0
2024-01-06 12:00:00,24.4,68,0.1,82,1018.7,7.2,445.0
2024-01-07 12:00:00,23.2,71,0.1,75,1018.3,12.7,206.0
2024-01-08 12:00:00,25.3,66,0.2,45,1016.0,14.3,437.0
2024-01-09 12:00:00,26.1,67,0.1,57,1014.7,12.6,472.0
2024-01-10 12:00:00,22.1,82,1.0,100,1017.2,14.8,335.0
2024-01-11 12:00:00,18.8,91,0.4,100,1018.3,9.5,133.0
2024-01-12 12:00:00,18.6,91,1.5,100,1017.4,11.2,79.0
2024-01-13 12:00:00,19.5,90,0.6,100,1018.5,8.1,125.0
2024-01-14 12:00:00,21.6,78,0.0,100,1020.0,8.0,299.0
2024-01-15 12:00:00,24.8,64,0.1,24,1019.3,14.3,604.0
2024-01-16 12:00:00,21.0,86,1.1,100,1019.3,13.2,142.0
2024-01-17 12:00:00,23.9,76,0.1,71,1016.6,14.3,487.0
2024-01-18 12:00:00,25.5,65,0.0,25,1014.8,16.2,599.0
2024-01-19 12:00:00,25.7,68,0.1,96,1014.1,19.8,503.0
2024-01-20 12:00:00,25.5,66,0.0,100,1015.1,9.7,297.0
2024-01-21 12:00:00,16.3,82,0.4,100,1019.7,10.8,151.0
2024-01-22 12:00:00,11.2,78,0.4,100,1025.3,25.3,104.0
2024-01-23 12:00:00,10.3,61,0.0,100,1029.9,14.2,326.0
2024-01-24 12:00:00,10.7,58,0.0,100,1030.1,14.3,259.0
2024-01-25 12:00:00,11.4,57,0.0,100,1030.3,12.6,310.0
2024-01-26 12:00:00,12.2,65,0.0,100,1029.3,12.1,172.0
2024-01-27 12:00:00,11.7,74,0.0,100,1027.4,12.0,173.0
2024-01-28 12:00:00,13.7,66,0.0,100,1027.3,13.0,355.0
2024-01-29 12:00:00,15.1,73,0.0,100,1023.1,8.0,338.0
2024-01-30 12:00:00,18.3,73,0.0,100,1019.6,3.6,367.0
2024-01-31 12:00:00,19.0,83,0.0,100,1017.8,4.8,243.0
2024-02-01 12:00:00,23.4,76,0.0,100,1016.6,6.1,338.0
2024-02-02 12:00:00,26.2,67,0.0,100,1014.9,10.9,394.0
2024-02-03 12:00:00,26.5,73,0.2,100,1014.6,19.2,497.0
2024-02-04 12:00:00,28.5,63,0.0,43,1013.7,11.0,607.0
2024-02-05 12:00:00,23.8,80,0.0,100,1015.6,16.1,223.0
2024-02-06 12:00:00,24.0,79,0.0,100,1016.5,14.0,254.0
2024-02-07 12:00:00,16.6,78,0.0,100,1016.9,13.8,215.0
2024-02-08 12:00:00,14.0,68,0.0,100,1019.7,9.8,248.0
2024-02-09 12:00:00,15.0,55,0.0,99,1026.2,14.6,330.0
2024-02-10 12:00:00,19.0,47,0.0,99,1028.5,12.3,571.0
2024-02-11 12:00:00,21.2,42,0.0,0,1028.1,10.0,766.0
2024-02-12 12:00:00,22.0,53,0.0,0,1024.1,8.1,766.0
2024-02-13 12:00:00,24.1,62,0.0,100,1020.4,17.8,560.0
2024-02-14 12:00:00,24.5,66,0.1,100,1017.6,19.9,392.0
2024-02-15 12:00:00,24.4,71,0.1,100,1019.5,3.1,313.0
2024-02-16 12:00:00,21.7,72,0.0,98,1020.2,5.7,283.0
2024-02-17 12:00:00,24.0,71,0.3,100,1013.6,15.2,334.0
2024-02-18 12:00:00,26.6,69,0.0,100,1011.3,14.4,482.0
2024-02-19 12:00:00,26.8,75,0.1,100,1011.4,10.9,347.0
2024-02-20 12:00:00,29.8,65,0.0,17,1008.9,13.4,591.0
2024-02-21 12:00:00,30.8,66,0.0,15,1008.8,6.7,716.0
2024-02-22 12:00:00,28.4,72,0.1,100,1013.0,13.6,365.0
2024-02-23 12:00:00,19.8,72,0.0,100,1018.3,15.3,235.0
2024-02-24 12:00:00,13.6,87,0.2,100,1022.2,12.7,152.0
2024-02-25 12:00:00,13.6,80,0.1,100,1022.3,10.1,203.0
2024-02-26 12:00:00,16.1,73,0.0,100,1022.0,11.7,258.0
2024-02-27 12:00:00,14.3,70,0.0,100,1023.2,10.5,269.0
2024-02-28 12:00:00,16.5,74,0.0,100,1018.1,3.6,249.0
2024-02-29 12:00:00,16.2,76,0.0,100,1019.7,15.2,208.0
2024-03-01 12:00:00,14.9,63,0.0,100,1023.8,13.2,258.0
2024-03-02 12:00:00,15.2,60,0.0,97,1023.9,8.2,394.0
2024-03-03 12:00:00,18.6,68,0.0,100,1015.7,15.1,311.0
2024-03-04 12:00:00,23.8,68,0.0,2,1007.5,2.7,788.0
2024-03-05 12:00:00,28.7,65,0.0,7,1005.4,5.8,782.0
2024-03-06 12:00:00,26.5,54,0.0,24,1011.2,19.6,732.0
2024-03-07 12:00:00,22.1,59,0.0,100,1016.9,9.9,291.0
2024-03-08 12:00:00,20.8,64,0.0,100,1018.5,8.4,237.0
2024-03-09 12:00:00,18.2,77,0.0,100,1017.9,9.2,162.0
2024-03-10 12:00:00,18.0,79,0.0,100,1019.7,10.3,163.0
2024-03-11 12:00:00,22.9,59,0.0,63,1022.1,16.9,697.0
2024-03-12 12:00:00,24.4,59,0.0,100,1018.1,8.9,498.0
2024-03-13 12:00:00,23.2,74,0.0,100,1015.0,12.1,324.0
2024-03-14 12:00:00,22.6,82,0.1,100,1014.3,9.3,188.0
2024-03-15 12:00:00,23.3,85,0.0,100,1013.9,7.1,141.0
2024-03-16 12:00:00,26.4,77,0.1,100,1015.3,11.9,197.0
2024-03-17 12:00:00,26.1,81,0.1,100,1014.4,12.5,257.0
2024-03-18 12:00:00,26.1,81,0.1,100,1013.4,13.1,256.0
2024-03-19 12:00:00,20.0,79,0.5,100,1021.6,14.5,258.0
2024-03-20 12:00:00,21.0,56,0.0,100,1023.8,8.7,201.0
2024-03-21 12:00:00,24.1,58,0.0,5,1015.8,8.4,779.0
2024-03-22 12:00:00,25.8,71,0.0,100,1008.7,15.7,421.0
2024-03-23 12:00:00,29.4,67,0.0,3,1007.4,14.8,583.0
2024-03-24 12:00:00,29.0,74,0.2,99,1010.4,12.3,419.0
2024-03-25 12:00:00,28.4,77,0.2,100,1012.2,4.5,456.0
2024-03-26 12:00:00,29.7,63,0.0,98,1016.1,17.3,592.0
2024-03-27 12:00:00,28.8,69,0.1,100,1015.2,14.8,449.0
2024-03-28 12:00:00,27.5,80,0.4,81,1012.6,3.4,347.0
2024-03-29 12:00:00,24.5,83,0.1,95,1014.3,4.7,365.0
2024-03-30 12:00:00,28.5,74,0.1,100,1010.7,10.3,474.0
2024-03-31 12:00:00,30.2,72,0.0,64,1007.5,2.2,797.0
2024-04-01 12:00:00,32.8,68,0.0,93,1004.3,6.8,807.0
2024-04-02 12:00:00,33.1,66,0.0,13,1002.8,6.8,815.0
2024-04-03 12:00:00,32.7,68,0.0,7,1004.2,3.9,822.0
2024-04-04 12:00:00,32.7,68,0.0,2,1005.0,7.2,812.0
2024-04-05 12:00:00,28.6,77,0.0,100,1007.9,16.8,161.0
2024-04-06 12:00:00,28.5,75,0.0,100,1009.5,17.5,317.0
2024-04-07 12:00:00,27.5,81,0.2,100,1008.5,12.8,270.0
2024-04-08 12:00:00,23.4,76,0.0,100,1014.1,12.7,225.0
2024-04-09 12:00:00,24.5,72,0.0,100,1015.9,6.7,288.0
2024-04-10 12:00:00,26.0,77,0.1,100,1015.4,8.9,246.0
2024-04-11 12:00:00,27.9,78,0.1,100,1014.0,10.8,390.0
2024-04-12 12:00:00,30.2,67,0.0,100,1011.5,17.3,526.0
2024-04-13 12:00:00,30.2,71,0.1,100,1008.9,15.6,416.0
2024-04-14 12:00:00,30.0,76,0.2,100,1009.3,8.1,488.0
2024-04-15 12:00:00,31.4,72,0.1,97,1010.0,15.9,452.0
2024-04-16 12:00:00,32.5,61,0.0,41,1008.2,21.1,732.0
2024-04-17 12:00:00,30.9,71,0.0,100,1007.2,12.3,481.0
2024-04-18 12:00:00,32.0,64,0.0,25,1004.7,13.9,666.0
2024-04-19 12:00:00,33.5,70,0.0,89,1001.6,17.6,771.0
2024-04-20 12:00:00,33.8,61,0.0,17,1001.6,11.5,816.0
2024-04-21 12:00:00,27.9,74,0.1,48,1005.3,22.4,387.0
2024-04-22 12:00:00,28.5,76,0.1,100,1006.6,9.4,243.0
2024-04-23 12:00:00,30.9,75,0.1,70,1006.3,9.2,689.0
2024-04-24 12:00:00,29.2,75,0.0,100,1008.3,14.3,549.0
2024-04-25 12:00:00,33.3,65,0.0,8,1004.1,12.6,822.0
2024-04-26 12:00:00,34.8,60,0.0,5,1001.3,1.3,867.0
2024-04-27 12:00:00,38.0,44,0.0,0,1000.1,14.0,908.0
2024-04-28 12:00:00,35.2,61,0.0,2,1002.5,5.7,885.0
2024-04-29 12:00:00,36.0,63,0.0,29,1002.0,5.4,844.0
2024-04-30 12:00:00,36.9,54,0.0,28,999.5,4.2,885.0
2024-05-01 12:00:00,28.8,69,0.0,100,1006.2,13.5,281.0
2024-05-02 12:00:00,27.6,74,0.0,100,1008.4,7.2,248.0
2024-05-03 12:00:00,28.2,80,0.1,100,1008.2,2.1,443.0
2024-05-04 12:00:00,32.8,66,0.0,0,1004.1,11.1,884.0
2024-05-05 12:00:00,26.9,75,0.0,100,1009.6,11.3,375.0
2024-05-06 12:00:00,28.1,79,0.5,100,1011.9,12.4,738.0
2024-05-07 12:00:00,29.0,76,0.6,46,1013.4,11.3,788.0
2024-05-08 12:00:00,30.0,76,0.3,100,1011.8,13.8,573.0
2024-05-09 12:00:00,28.9,73,0.1,100,1012.2,9.2,596.0
2024-05-10 12:00:00,30.2,70,0.0,97,1010.5,15.1,607.0
2024-05-11 12:00:00,31.1,71,0.1,90,1010.8,12.3,603.0
2024-05-12 12:00:00,25.3,91,8.3,99,1011.4,16.1,116.0
2024-05-13 12:00:00,29.3,70,0.0,68,1011.9,12.0,728.0
2024-05-14 12:00:00,30.6,68,0.2,36,1010.7,6.8,822.0
2024-05-15 12:00:00,31.1,72,0.2,60,1011.1,10.1,802.0
2024-05-16 12:00:00,30.4,61,0.0,68,1013.2,8.3,756.0
2024-05-17 12:00:00,30.5,63,0.0,97,1009.5,12.0,730.0
2024-05-18 12:00:00,31.5,71,0.1,100,1003.7,17.0,703.0
2024-05-19 12:00:00,30.2,76,0.0,100,1002.4,8.8,538.0
2024-05-20 12:00:00,30.1,68,0.0,68,1006.8,11.5,786.0
2024-05-21 12:00:00,31.1,70,0.1,100,1008.4,8.7,827.0
2024-05-22 12:00:00,30.2,70,0.0,99,1009.1,9.1,589.0
2024-05-23 12:00:00,27.3,86,0.7,54,1008.6,3.9,259.0
2024-05-24 12:00:00,30.9,66,0.0,29,1008.2,11.5,860.0
2024-05-25 12:00:00,29.6,79,0.1,52,1007.4,18.1,486.0
2024-05-26 12:00:00,33.2,68,0.2,80,1005.1,17.3,860.0
2024-05-27 12:00:00,35.0,61,0.0,44,1000.9,12.7,904.0
2024-05-28 12:00:00,31.9,74,0.0,100,1001.8,4.6,478.0
2024-05-29 12:00:00,34.7,63,0.0,100,1000.8,7.2,842.0
2024-05-30 12:00:00,32.7,73,0.6,98,1002.0,5.8,709.0
2024-05-31 12:00:00,26.4,79,0.6,100,1007.4,7.1,262.0
2024-06-01 12:00:00,32.5,60,0.0,26,1007.6,5.9,878.0
2024-06-02 12:00:00,33.3,66,0.1,33,1005.8,2.9,859.0
2024-06-03 12:00:00,33.9,65,0.4,99,1002.5,6.1,699.0
2024-06-04 12:00:00,32.7,71,0.1,100,1004.0,6.4,822.0
2024-06-05 12:00:00,27.6,87,1.8,100,1007.8,15.8,357.0
2024-06-06 12:00:00,27.5,80,0.0,100,1008.9,10.2,290.0
2024-06-07 12:00:00,30.5,72,0.0,100,1004.7,8.3,618.0
2024-06-08 12:00:00,29.5,84,0.6,100,1003.2,7.9,425.0
2024-06-09 12:00:00,26.9,91,1.5,100,1004.1,8.5,126.0
2024-06-10 12:00:00,27.8,87,0.5,100,1005.7,3.6,302.0
2024-06-11 12:00:00,31.8,79,0.4,100,1004.8,6.3,641.0
2024-06-12 12:00:00,33.7,64,0.2,100,1004.3,6.4,709.0
2024-06-13 12:00:00,35.0,57,0.0,100,1001.1,14.1,875.0
2024-06-14 12:00:00,33.8,60,0.0,100,999.7,10.4,440.0
2024-06-15 12:00:00,31.9,73,0.0,100,1001.1,13.5,529.0
2024-06-16 12:00:00,34.2,66,0.0,100,1002.2,2.6,700.0
2024-06-17 12:00:00,35.5,58,0.0,100,1001.5,9.7,740.0
2024-06-18 12:00:00,33.4,66,0.0,100,1001.0,2.2,630.0
2024-06-19 12:00:00,35.2,57,0.1,100,1000.3,7.1,796.0
2024-06-20 12:00:00,35.2,60,0.0,100,1000.3,5.7,828.0
2024-06-21 12:00:00,35.5,64,0.0,100,1001.2,16.1,814.0
2024-06-22 12:00:00,33.0,71,0.1,100,1003.1,8.8,748.0
2024-06-23 12:00:00,33.0,69,0.1,100,1003.3,4.9,838.0
2024-06-24 12:00:00,29.4,79,0.3,100,1003.4,5.7,275.0
2024-06-25 12:00:00,31.1,72,0.2,100,1004.5,7.4,624.0
2024-06-26 12:00:00,31.0,71,0.1,100,1007.2,16.9,663.0
2024-06-27 12:00:00,30.3,72,0.0,100,1008.8,8.4,413.0
2024-06-28 12:00:00,32.7,69,0.0,96,1005.2,17.2,836.0
2024-06-29 12:00:00,34.2,65,0.0,100,1002.7,9.0,829.0
2024-06-30 12:00:00,35.7,55,0.0,100,1001.9,13.5,831.0
2024-07-01 12:00:00,34.7,59,0.0,93,1000.2,15.8,687.0
2024-07-02 12:00:00,32.3,69,0.0,100,1002.3,8.0,483.0
2024-07-03 12:00:00,27.6,88,2.7,100,1008.0,12.9,267.0
2024-07-04 12:00:00,32.1,69,0.0,79,1008.8,12.9,826.0
2024-07-05 12:00:00,32.3,64,0.0,42,1005.7,12.2,855.0
2024-07-06 12:00:00,32.5,65,0.1,24,1005.4,14.0,848.0
2024-07-07 12:00:00,30.8,77,2.3,39,1006.8,14.9,844.0
2024-07-08 12:00:00,32.8,68,0.0,44,1004.7,15.3,885.0
2024-07-09 12:00:00,33.5,69,0.1,100,1004.9,11.8,861.0
2024-07-10 12:00:00,33.5,65,0.1,59,1004.5,3.1,801.0
2024-07-11 12:00:00,33.8,65,0.0,99,1002.9,7.7,896.0
2024-07-12 12:00:00,33.4,66,0.1,98,1001.0,5.7,859.0
2024-07-13 12:00:00,32.8,71,0.7,100,1000.7,7.6,779.0
2024-07-14 12:00:00,29.6,76,0.4,100,1004.4,19.1,572.0
2024-07-15 12:00:00,30.9,74,0.9,100,1005.5,10.0,494.0
2024-07-16 12:00:00,31.3,70,0.0,100,1006.2,14.8,571.0
2024-07-17 12:00:00,30.3,74,0.1,100,1005.2,9.2,351.0
2024-07-18 12:00:00,28.3,83,7.1,100,1004.3,18.2,377.0
2024-07-19 12:00:00,30.8,77,0.3,94,1003.1,13.3,821.0
2024-07-20 12:00:00,31.1,74,0.1,100,1005.2,10.4,511.0
2024-07-21 12:00:00,32.1,71,0.1,31,1005.3,5.6,837.0
2024-07-22 12:00:00,31.8,73,0.0,100,1002.9,8.9,712.0
2024-07-23 12:00:00,27.4,89,5.7,100,998.2,7.6,110.0
2024-07-24 12:00:00,31.2,72,0.1,100,996.0,8.5,760.0
2024-07-25 12:00:00,32.2,76,0.1,77,995.4,3.4,866.0
2024-07-26 12:00:00,35.4,61,0.0,100,995.8,11.0,931.0
2024-07-27 12:00:00,35.2,65,0.0,96,999.0,8.6,854.0
2024-07-28 12:00:00,29.9,81,0.0,100,1001.8,3.6,332.0
2024-07-29 12:00:00,29.8,81,0.2,100,1001.7,9.2,512.0
2024-07-30 12:00:00,30.5,83,0.5,100,1001.4,1.4,575.0
2024-07-31 12:00:00,29.2,79,0.0,100,1003.1,13.7,370.0
2024-08-01 12:00:00,29.8,72,0.0,100,1003.7,18.8,304.0
2024-08-02 12:00:00,26.4,91,2.1,100,1003.8,14.8,213.0
2024-08-03 12:00:00,31.6,65,0.1,69,1005.5,10.9,766.0
2024-08-04 12:00:00,32.2,67,0.1,34,1007.3,10.2,863.0
2024-08-05 12:00:00,31.8,77,0.1,27,1006.3,2.5,825.0
2024-08-06 12:00:00,32.3,76,0.0,100,1005.3,0.8,796.0
2024-08-07 12:00:00,33.1,68,0.0,17,1005.8,4.4,848.0
2024-08-08 12:00:00,33.9,67,0.1,13,1005.1,8.6,845.0
2024-08-09 12:00:00,35.5,56,0.0,100,1002.4,10.5,920.0
2024-08-10 12:00:00,36.0,56,0.0,99,1000.5,6.8,917.0
2024-08-11 12:00:00,30.4,75,0.0,100,1002.4,10.3,561.0
2024-08-12 12:00:00,30.1,81,0.6,100,1001.8,5.2,470.0
2024-08-13 12:00:00,29.4,79,0.0,100,1004.9,4.4,303.0
2024-08-14 12:00:00,30.5,79,0.2,78,1005.2,2.5,625.0
2024-08-15 12:00:00,31.4,75,0.2,99,1004.2,1.3,722.0
2024-08-16 12:00:00,32.2,70,0.1,100,1004.4,7.2,843.0
2024-08-17 12:00:00,31.3,76,0.2,100,1006.4,1.8,756.0
2024-08-18 12:00:00,31.4,81,0.4,94,1006.2,3.1,607.0
2024-08-19 12:00:00,32.2,71,0.3,99,1004.3,3.3,661.0
2024-08-20 12:00:00,32.5,72,0.3,96,1004.7,2.8,883.0
2024-08-21 12:00:00,31.1,75,0.1,100,1006.1,1.3,563.0
2024-08-22 12:00:00,32.3,72,0.1,100,1006.9,7.9,622.0
2024-08-23 12:00:00,28.3,85,0.1,100,1009.6,8.2,197.0
2024-08-24 12:00:00,30.0,80,0.2,100,1008.6,5.9,547.0
2024-08-25 12:00:00,29.8,73,0.1,100,1007.2,8.4,429.0
2024-08-26 12:00:00,31.0,75,0.2,94,1006.7,1.1,787.0
2024-08-27 12:00:00,31.7,77,0.4,26,1006.4,1.1,847.0
2024-08-28 12:00:00,33.3,67,0.0,11,1005.1,4.3,889.0
2024-08-29 12:00:00,33.2,73,0.2,100,1004.8,1.6,813.0
2024-08-30 12:00:00,29.9,78,0.2,100,1006.3,7.6,536.0
2024-08-31 12:00:00,31.0,75,0.1,39,1007.2,4.1,708.0
2024-09-01 12:00:00,30.6,77,0.4,100,1008.0,7.4,667.0
2024-09-02 12:00:00,31.5,72,0.2,90,1008.5,4.7,789.0
2024-09-03 12:00:00,31.4,71,0.0,98,1008.6,10.2,681.0
2024-09-04 12:00:00,33.0,64,0.0,14,1003.5,3.7,871.0
2024-09-05 12:00:00,34.2,67,0.0,24,1002.0,11.3,884.0
2024-09-06 12:00:00,33.4,67,0.1,72,1000.7,17.1,819.0
2024-09-07 12:00:00,26.1,89,3.4,100,994.6,38.0,80.0
2024-09-08 12:00:00,29.9,79,0.1,100,999.8,23.5,364.0
2024-09-09 12:00:00,27.2,92,6.3,100,1004.2,7.9,319.0
2024-09-10 12:00:00,26.8,87,1.1,100,1006.7,12.8,323.0
2024-09-11 12:00:00,25.8,89,4.7,100,1008.7,9.5,95.0
2024-09-12 12:00:00,28.4,83,0.0,100,1008.1,6.8,456.0
2024-09-13 12:00:00,31.1,73,0.0,18,1005.4,8.6,807.0
2024-09-14 12:00:00,32.0,69,0.1,100,1003.4,3.0,797.0
2024-09-15 12:00:00,32.3,70,0.0,62,1002.3,0.8,845.0
2024-09-16 12:00:00,30.7,71,0.0,34,1005.5,9.1,710.0
2024-09-17 12:00:00,29.1,81,3.3,100,1006.1,14.4,417.0
2024-09-18 12:00:00,31.8,73,0.4,100,1004.4,11.6,806.0
2024-09-19 12:00:00,27.3,86,9.2,100,1003.8,6.3,350.0
2024-09-20 12:00:00,32.5,69,0.0,99,1003.3,10.5,806.0
2024-09-21 12:00:00,31.1,75,0.1,85,1004.5,10.9,773.0
2024-09-22 12:00:00,26.0,87,2.0,100,1006.1,18.3,83.0
2024-09-23 12:00:00,26.2,76,0.0,100,1010.5,4.4,195.0
2024-09-24 12:00:00,29.5,56,0.0,66,1010.8,11.2,602.0
2024-09-25 12:00:00,28.1,73,0.0,100,1012.3,2.3,346.0
2024-09-26 12:00:00,30.6,63,0.1,14,1011.4,3.0,792.0
2024-09-27 12:00:00,31.4,65,0.0,99,1010.2,7.2,698.0
2024-09-28 12:00:00,32.8,63,0.0,46,1007.6,11.5,714.0
2024-09-29 12:00:00,29.0,84,2.7,97,1006.7,11.1,234.0
2024-09-30 12:00:00,29.6,78,0.3,100,1006.3,8.2,664.0
2024-10-01 12:00:00,29.8,64,0.0,100,1010.5,22.8,652.0
2024-10-02 12:00:00,27.2,54,0.0,86,1015.9,18.0,845.0
2024-10-03 12:00:00,26.7,52,0.0,54,1016.8,14.4,852.0
2024-10-04 12:00:00,27.8,48,0.0,94,1016.1,8.9,819.0
2024-10-05 12:00:00,28.8,46,0.0,0,1014.7,8.1,852.0
2024-10-06 12:00:00,30.0,47,0.0,0,1015.2,9.6,842.0
2024-10-07 12:00:00,30.5,56,0.0,2,1016.1,15.7,831.0
2024-10-08 12:00:00,29.5,57,0.0,1,1015.5,10.8,829.0
2024-10-09 12:00:00,29.5,50,0.0,0,1014.3,12.7,826.0
2024-10-10 12:00:00,29.8,51,0.0,1,1013.4,5.7,826.0
2024-10-11 12:00:00,30.1,56,0.0,34,1013.3,1.6,810.0
2024-10-12 12:00:00,30.0,60,0.0,94,1013.8,5.6,795.0
2024-10-13 12:00:00,30.5,61,0.0,20,1012.9,7.3,731.0
2024-10-14 12:00:00,31.2,58,0.0,14,1012.2,3.4,754.0
2024-10-15 12:00:00,29.2,67,0.0,100,1012.8,3.7,209.0
2024-10-16 12:00:00,30.0,64,0.0,100,1013.4,6.2,632.0
2024-10-17 12:00:00,30.8,66,0.1,100,1011.3,8.7,701.0
2024-10-18 12:00:00,31.4,63,0.0,29,1011.1,5.5,719.0
2024-10-19 12:00:00,31.1,61,0.0,100,1013.1,5.7,431.0
2024-10-20 12:00:00,32.2,52,0.0,14,1015.5,10.8,729.0
2024-10-21 12:00:00,26.8,78,5.2,100,1014.9,14.5,386.0
2024-10-22 12:00:00,30.5,65,0.0,82,1015.0,7.9,671.0
2024-10-23 12:00:00,28.4,47,0.0,49,1016.1,18.9,776.0
2024-10-24 12:00:00,28.7,44,0.0,99,1012.6,11.4,806.0
2024-10-25 12:00:00,28.9,44,0.0,100,1010.5,10.7,796.0
2024-10-26 12:00:00,30.0,36,0.0,99,1008.8,21.7,774.0
2024-10-27 12:00:00,23.6,67,0.0,100,1010.3,17.6,412.0
2024-10-28 12:00:00,22.5,64,0.0,100,1012.2,15.7,169.0
2024-10-29 12:00:00,23.8,64,0.0,100,1011.5,13.8,247.0
2024-10-30 12:00:00,27.6,58,0.0,97,1012.6,9.1,729.0
2024-10-31 12:00:00,29.0,61,0.0,0,1010.5,8.8,753.0
2024-11-01 12:00:00,29.8,45,0.0,0,1013.4,14.7,780.0
2024-11-02 12:00:00,28.0,42,0.0,0,1017.7,14.2,778.0
2024-11-03 12:00:00,27.0,51,0.0,100,1017.4,10.0,389.0
2024-11-04 12:00:00,26.5,60,0.0,98,1018.2,14.5,442.0
2024-11-05 12:00:00,25.5,63,0.0,100,1019.4,12.6,211.0
2024-11-06 12:00:00,25.9,55,0.0,100,1020.0,13.2,325.0
2024-11-07 12:00:00,27.7,48,0.0,0,1019.4,11.4,735.0
2024-11-08 12:00:00,27.4,44,0.0,0,1017.8,9.2,750.0
2024-11-09 12:00:00,27.3,54,0.0,0,1015.7,5.7,752.0
2024-11-10 12:00:00,28.8,40,0.0,1,1015.3,9.9,748.0
2024-11-11 12:00:00,29.5,51,0.0,69,1013.9,7.8,724.0
2024-11-12 12:00:00,29.9,58,0.0,76,1013.1,4.2,654.0
2024-11-13 12:00:00,30.6,52,0.0,2,1011.2,6.0,727.0
2024-11-14 12:00:00,30.6,57,0.0,30,1011.0,5.5,594.0
2024-11-15 12:00:00,30.7,58,0.0,98,1009.5,5.6,406.0
2024-11-16 12:00:00,31.0,59,0.0,29,1011.3,4.1,628.0
2024-11-17 12:00:00,30.8,53,0.0,32,1013.9,2.9,706.0
2024-11-18 12:00:00,25.1,79,0.8,90,1017.1,6.6,431.0
2024-11-19 12:00:00,28.4,50,0.0,7,1018.0,7.7,652.0
2024-11-20 12:00:00,27.0,43,0.0,0,1018.6,10.6,708.0
2024-11-21 12:00:00,25.9,45,0.0,0,1018.2,7.7,715.0
2024-11-22 12:00:00,24.5,48,0.0,58,1018.9,9.8,431.0
2024-11-23 12:00:00,25.4,47,0.0,67,1019.1,5.9,570.0
2024-11-24 12:00:00,25.8,57,0.0,100,1017.3,6.2,243.0
2024-11-25 12:00:00,28.1,56,0.0,95,1016.2,3.5,574.0
2024-11-26 12:00:00,20.8,61,0.0,100,1020.1,13.9,167.0
2024-11-27 12:00:00,22.3,45,0.0,95,1021.8,11.8,468.0
2024-11-28 12:00:00,22.7,40,0.0,53,1024.1,12.3,679.0
2024-11-29 12:00:00,23.4,37,0.0,0,1021.6,5.7,694.0
2024-11-30 12:00:00,24.1,45,0.0,87,1017.2,4.9,691.0
2024-12-01 12:00:00,24.9,51,0.0,94,1013.0,7.2,699.0
2024-12-02 12:00:00,25.0,64,0.0,98,1014.0,5.1,319.0
2024-12-03 12:00:00,24.8,72,0.0,71,1014.6,9.3,255.0
2024-12-04 12:00:00,27.4,53,0.0,76,1014.5,14.3,392.0
2024-12-05 12:00:00,27.6,50,0.0,65,1015.0,6.6,525.0
2024-12-06 12:00:00,23.8,74,0.2,98,1014.6,14.4,214.0
2024-12-07 12:00:00,19.9,69,0.0,100,1018.5,13.6,178.0
2024-12-08 12:00:00,17.6,59,0.0,100,1021.9,11.7,236.0
2024-12-09 12:00:00,19.8,62,0.0,90,1018.6,4.1,370.0
2024-12-10 12:00:00,24.0,70,0.1,100,1013.8,6.7,498.0
2024-12-11 12:00:00,20.6,68,0.0,100,1017.4,17.0,323.0
2024-12-12 12:00:00,17.0,68,0.0,100,1019.1,10.5,164.0
2024-12-13 12:00:00,16.3,62,0.0,100,1022.3,13.4,196.0
2024-12-14 12:00:00,14.4,59,0.0,100,1027.4,13.0,182.0
2024-12-15 12:00:00,14.4,43,0.0,100,1027.8,12.8,167.0
2024-12-16 12:00:00,18.1,49,0.0,31,1024.2,3.8,443.0
2024-12-17 12:00:00,21.0,50,0.0,1,1020.3,2.2,677.0
2024-12-18 12:00:00,21.9,40,0.0,58,1022.0,10.1,677.0
2024-12-19 12:00:00,20.8,36,0.0,1,1023.3,9.4,555.0
2024-12-20 12:00:00,20.8,35,0.0,0,1020.0,4.8,682.0
2024-12-21 12:00:00,19.6,43,0.0,100,1021.2,4.5,350.0
2024-12-22 12:00:00,20.9,39,0.0,88,1020.7,5.3,681.0
2024-12-23 12:00:00,21.1,41,0.0,43,1020.5,8.7,678.0
2024-12-24 12:00:00,20.5,40,0.0,16,1022.0,10.5,660.0
2024-12-25 12:00:00,23.1,42,0.0,89,1020.7,3.1,680.0
2024-12-26 12:00:00,22.6,48,0.0,100,1022.9,11.4,407.0
2024-12-27 12:00:00,18.6,60,0.0,100,1025.1,12.5,229.0
2024-12-28 12:00:00,20.2,38,0.0,12,1027.2,12.6,673.0
2024-12-29 12:00:00,20.8,40,0.0,0,1022.3,8.0,696.0
2024-12-30 12:00:00,20.4,58,0.0,100,1021.5,2.8,356.0
2024-12-31 12:00:00,20.0,52,0.0,82,1022.1,10.2,305.0
2025-01-01 12:00:00,22.9,48,0.0,0,1018.0,2.4,691.0
2025-01-02 12:00:00,23.8,44,0.0,0,1019.0,3.9,684.0
2025-01-03 12:00:00,24.8,39,0.0,87,1021.1,10.9,689.0
2025-01-04 12:00:00,23.4,43,0.0,3,1019.3,6.5,692.0
2025-01-05 12:00:00,23.9,35,0.0,0,1021.2,8.7,694.0
2025-01-06 12:00:00,23.4,36,0.0,0,1018.8,6.7,699.0
2025-01-07 12:00:00,23.5,48,0.0,100,1017.8,6.8,640.0
2025-01-08 12:00:00,23.0,57,0.0,41,1018.4,8.6,471.0
2025-01-09 12:00:00,21.4,47,0.0,100,1021.8,8.4,437.0
2025-01-10 12:00:00,17.3,39,0.0,83,1028.5,13.8,507.0
2025-01-11 12:00:00,17.2,35,0.0,100,1032.3,17.1,458.0
2025-01-12 12:00:00,19.2,24,0.0,78,1027.7,10.5,729.0
2025-01-13 12:00:00,20.0,36,0.0,1,1022.9,6.5,723.0
2025-01-14 12:00:00,22.3,49,0.0,43,1021.8,2.1,728.0
2025-01-15 12:00:00,22.1,33,0.0,100,1025.9,14.4,533.0
2025-01-16 12:00:00,21.5,37,0.0,1,1026.0,10.5,659.0
2025-01-17 12:00:00,21.8,40,0.0,0,1022.0,4.2,726.0
2025-01-18 12:00:00,21.0,50,0.0,65,1020.2,1.3,470.0
2025-01-19 12:00:00,23.4,40,0.0,23,1018.2,3.1,707.0
2025-01-20 12:00:00,23.6,41,0.0,4,1017.0,3.5,723.0
2025-01-21 12:00:00,24.0,40,0.0,0,1015.9,9.6,724.0
2025-01-22 12:00:00,22.5,65,0.2,100,1016.4,9.0,365.0
2025-01-23 12:00:00,22.0,67,0.1,100,1015.6,13.7,233.0
2025-01-24 12:00:00,23.8,68,0.1,100,1011.4,14.1,299.0
2025-01-25 12:00:00,23.9,76,0.3,91,1012.7,16.9,325.0
2025-01-26 12:00:00,14.9,68,0.2,100,1025.8,16.1,146.0
2025-01-27 12:00:00,16.2,42,0.0,45,1024.7,11.3,612.0
2025-01-28 12:00:00,15.9,45,0.0,30,1026.4,8.4,626.0
2025-01-29 12:00:00,17.1,48,0.0,100,1024.8,7.2,496.0
2025-01-30 12:00:00,20.7,60,0.0,100,1016.7,16.2,425.0
2025-01-31 12:00:00,23.3,66,0.0,100,1013.9,17.2,428.0
2025-02-01 12:00:00,23.0,75,0.3,100,1012.0,12.0,325.0
2025-02-02 12:00:00,23.0,73,0.0,100,1013.1,10.7,224.0
2025-02-03 12:00:00,15.8,69,0.1,100,1022.7,18.8,166.0
2025-02-04 12:00:00,16.1,50,0.0,97,1024.0,6.6,269.0
2025-02-05 12:00:00,18.5,69,0.1,100,1017.3,8.2,495.0
2025-02-06 12:00:00,18.1,83,0.0,100,1015.9,5.4,154.0
2025-02-07 12:00:00,14.8,68,0.0,100,1023.2,13.2,191.0
2025-02-08 12:00:00,13.8,61,0.0,100,1026.6,12.0,231.0
2025-02-09 12:00:00,14.4,52,0.0,100,1024.4,4.0,361.0
2025-02-10 12:00:00,17.5,61,0.0,90,1021.5,2.2,419.0
2025-02-11 12:00:00,20.5,69,0.1,100,1017.7,9.4,377.0
2025-02-12 12:00:00,21.3,78,0.3,100,1017.6,2.1,312.0
2025-02-13 12:00:00,20.5,64,0.0,100,1018.4,4.1,275.0
2025-02-14 12:00:00,20.4,79,0.0,100,1016.3,9.1,259.0
2025-02-15 12:00:00,22.8,80,0.0,100,1013.6,8.8,263.0
2025-02-16 12:00:00,17.9,80,0.1,100,1018.1,11.5,181.0
2025-02-17 12:00:00,20.5,74,0.0,100,1018.9,3.7,445.0
2025-02-18 12:00:00,17.0,83,0.1,100,1021.0,9.1,152.0
2025-02-19 12:00:00,18.6,83,0.0,100,1019.4,6.7,135.0
2025-02-20 12:00:00,21.2,81,0.1,100,1019.4,6.4,211.0
2025-02-21 12:00:00,21.7,77,0.0,99,1020.3,12.8,278.0
2025-02-22 12:00:00,21.4,76,0.0,100,1020.6,7.3,263.0
2025-02-23 12:00:00,17.4,71,0.0,100,1026.0,13.9,212.0
2025-02-24 12:00:00,14.1,76,0.0,100,1029.1,9.5,183.0
2025-02-25 12:00:00,14.5,91,0.7,100,1026.6,8.0,154.0
2025-02-26 12:00:00,16.0,80,0.2,100,1023.8,7.8,238.0
2025-02-27 12:00:00,20.8,75,0.0,100,1017.9,3.6,536.0
2025-02-28 12:00:00,22.8,77,0.1,100,1015.3,11.7,297.0
2025-03-01 12:00:00,25.6,73,0.1,100,1011.1,12.0,357.0
2025-03-02 12:00:00,25.6,79,0.2,100,1009.7,10.7,339.0
2025-03-03 12:00:00,25.8,83,0.1,100,1008.9,3.6,261.0
2025-03-04 12:00:00,28.7,68,0.0,91,1007.4,5.8,627.0
2025-03-05 12:00:00,23.0,82,0.3,100,1010.2,11.5,227.0
2025-03-06 12:00:00,15.2,70,0.0,100,1021.8,15.0,114.0
2025-03-07 12:00:00,16.4,57,0.0,100,1022.2,10.8,368.0
2025-03-08 12:00:00,16.4,71,0.0,100,1021.2,4.6,242.0
2025-03-09 12:00:00,19.2,76,0.0,100,1020.7,5.0,282.0
2025-03-10 12:00:00,21.9,78,0.0,100,1020.0,4.1,324.0
2025-03-11 12:00:00,23.6,80,0.2,100,1014.7,8.1,357.0
2025-03-12 12:00:00,26.3,75,0.1,100,1011.9,10.9,503.0
2025-03-13 12:00:00,24.9,86,0.1,100,1011.6,12.3,186.0
2025-03-14 12:00:00,26.1,82,0.1,100,1011.4,12.8,292.0
2025-03-15 12:00:00,26.6,81,0.1,100,1013.2,8.0,394.0
2025-03-16 12:00:00,19.0,54,0.0,100,1021.5,11.5,278.0
2025-03-17 12:00:00,18.9,54,0.0,100,1021.1,8.6,394.0
2025-03-18 12:00:00,18.0,54,0.0,100,1024.6,12.8,344.0
2025-03-19 12:00:00,21.6,40,0.0,78,1026.1,11.4,791.0
2025-03-20 12:00:00,23.3,40,0.0,1,1024.7,4.7,803.0
2025-03-21 12:00:00,24.5,38,0.0,74,1022.7,3.3,803.0
2025-03-22 12:00:00,25.4,41,0.0,0,1020.4,5.5,795.0
2025-03-23 12:00:00,25.5,54,0.0,100,1017.1,9.4,467.0
2025-03-24 12:00:00,27.5,50,0.0,94,1013.9,3.3,579.0
2025-03-25 12:00:00,29.1,53,0.0,13,1008.0,4.8,579.0
2025-03-26 12:00:00,28.0,62,0.0,99,1005.6,9.2,435.0
2025-03-27 12:00:00,31.6,57,0.0,4,1002.1,12.1,791.0
2025-03-28 12:00:00,29.8,62,0.0,99,1007.4,6.1,419.0
2025-03-29 12:00:00,16.8,76,0.3,100,1017.6,15.9,116.0
2025-03-30 12:00:00,16.0,64,0.0,100,1022.9,10.2,343.0
2025-03-31 12:00:00,16.5,57,0.0,100,1021.1,7.9,448.0
2025-04-01 12:00:00,21.2,46,0.0,3,1020.1,7.7,797.0
2025-04-02 12:00:00,23.9,49,0.0,96,1020.0,3.3,764.0
2025-04-03 12:00:00,26.1,46,0.0,12,1018.7,10.5,817.0
2025-04-04 12:00:00,25.1,61,0.0,100,1013.7,13.5,384.0
2025-04-05 12:00:00,23.5,72,0.0,100,1014.9,6.9,131.0
2025-04-06 12:00:00,26.4,60,0.0,100,1015.1,11.2,371.0
2025-04-07 12:00:00,25.5,70,0.1,100,1016.1,8.7,487.0
2025-04-08 12:00:00,27.5,68,0.1,100,1014.8,9.9,433.0
2025-04-09 12:00:00,28.8,64,0.0,100,1010.7,14.8,459.0
2025-04-10 12:00:00,27.7,69,0.0,100,1007.3,6.6,427.0
2025-04-11 12:00:00,30.2,60,0.0,66,1005.2,8.5,514.0
2025-04-12 12:00:00,32.8,60,0.0,82,1006.4,7.0,775.0
2025-04-13 12:00:00,26.4,41,0.0,12,1017.8,12.3,798.0
2025-04-14 12:00:00,25.2,49,0.4,97,1016.5,8.3,529.0
2025-04-15 12:00:00,31.4,37,0.0,100,1012.3,3.1,830.0
2025-04-16 12:00:00,30.9,35,0.0,87,1008.6,12.6,812.0
2025-04-17 12:00:00,31.1,57,0.0,50,1006.2,7.6,602.0
2025-04-18 12:00:00,31.0,63,0.0,44,1005.4,7.3,296.0
2025-04-19 12:00:00,36.7,43,0.0,34,1005.3,5.6,790.0
2025-04-20 12:00:00,34.8,56,0.0,10,1006.6,10.7,806.0
2025-04-21 12:00:00,34.0,57,0.0,16,1007.7,18.0,734.0
2025-04-22 12:00:00,34.3,61,0.0,53,1006.9,5.8,671.0
2025-04-23 12:00:00,35.5,56,0.0,99,1005.1,4.0,814.0
2025-04-24 12:00:00,31.9,68,0.0,93,1006.6,3.3,636.0
2025-04-25 12:00:00,28.8,62,0.0,100,1011.4,7.2,663.0
2025-04-26 12:00:00,27.9,76,0.1,100,1011.3,10.0,322.0
2025-04-27 12:00:00,29.8,74,0.3,69,1010.5,10.3,487.0
2025-04-28 12:00:00,27.0,76,0.2,100,1012.9,15.3,476.0
2025-04-29 12:00:00,29.0,71,0.1,100,1012.5,3.4,563.0
2025-04-30 12:00:00,30.3,68,0.1,52,1010.8,10.6,781.0
2025-05-01 12:00:00,27.0,73,0.0,100,1014.9,10.5,512.0
2025-05-02 12:00:00,30.7,61,0.0,46,1010.5,3.6,877.0
2025-05-03 12:00:00,29.9,71,0.0,100,1008.3,9.0,654.0
2025-05-04 12:00:00,32.5,67,0.0,9,1005.0,7.2,778.0
2025-05-05 12:00:00,33.4,67,0.0,23,1004.3,3.7,858.0
2025-05-06 12:00:00,31.7,73,0.0,100,1005.3,7.1,672.0
2025-05-07 12:00:00,33.2,67,0.0,100,1003.4,8.8,651.0
2025-05-08 12:00:00,35.0,65,0.0,100,1002.1,8.8,858.0
2025-05-09 12:00:00,32.5,66,0.1,75,1005.9,10.4,676.0
2025-05-10 12:00:00,31.4,64,0.1,100,1007.2,1.5,734.0
2025-05-11 12:00:00,24.5,62,0.0,100,1013.3,18.0,605.0
2025-05-12 12:00:00,27.6,54,0.0,80,1011.1,1.7,916.0
2025-05-13 12:00:00,28.5,62,0.0,100,1010.4,9.2,501.0
2025-05-14 12:00:00,28.9,78,2.5,96,1010.4,9.0,428.0
2025-05-15 12:00:00,28.6,78,2.3,100,1009.8,11.4,511.0
2025-05-16 12:00:00,28.8,83,0.2,100,1008.5,9.2,274.0
2025-05-17 12:00:00,31.6,74,0.2,90,1007.7,11.3,783.0
2025-05-18 12:00:00,32.2,72,0.1,65,1007.7,7.2,890.0
2025-05-19 12:00:00,29.2,77,0.2,100,1007.5,6.2,552.0
2025-05-20 12:00:00,32.3,72,0.2,100,1004.6,8.9,634.0
2025-05-21 12:00:00,32.8,70,0.1,80,1005.2,7.9,824.0
2025-05-22 12:00:00,31.0,73,1.3,100,1004.4,15.1,538.0
2025-05-23 12:00:00,29.0,83,0.3,100,1005.4,9.1,524.0
2025-05-24 12:00:00,23.9,86,1.7,100,1012.0,16.4,160.0
2025-05-25 12:00:00,26.2,64,0.0,100,1015.0,13.8,472.0
2025-05-26 12:00:00,26.4,66,0.0,100,1015.2,6.5,731.0
2025-05-27 12:00:00,25.8,80,0.1,100,1011.8,7.3,384.0
2025-05-28 12:00:00,30.7,71,0.1,26,1006.7,9.2,793.0
2025-05-29 12:00:00,30.2,74,0.2,100,1006.9,8.1,529.0
2025-05-30 12:00:00,28.9,72,0.0,100,1007.4,7.5,653.0
2025-05-31 12:00:00,33.1,62,0.0,96,1003.2,12.8,761.0
2025-06-01 12:00:00,36.0,53,0.0,100,999.2,14.0,914.0
2025-06-02 12:00:00,36.3,53,0.0,100,999.5,9.3,910.0
2025-06-03 12:00:00,31.9,63,0.0,100,1003.8,9.0,754.0
2025-06-04 12:00:00,30.9,75,0.1,95,1006.6,4.0,847.0
2025-06-05 12:00:00,31.6,68,0.1,100,1006.6,6.6,721.0
2025-06-06 12:00:00,32.2,71,0.2,34,1005.3,10.8,778.0
2025-06-07 12:00:00,30.1,82,0.0,97,1004.9,8.3,310.0
2025-06-08 12:00:00,32.7,71,0.0,100,1003.6,2.8,608.0
2025-06-09 12:00:00,31.6,72,0.1,100,1004.3,0.9,708.0
2025-06-10 12:00:00,29.2,81,0.3,100,1005.8,13.3,775.0
2025-06-11 12:00:00,32.4,58,0.0,21,1004.2,12.5,823.0
2025-06-12 12:00:00,31.8,60,0.0,100,1003.1,16.4,570.0
2025-06-13 12:00:00,31.4,67,0.0,100,1002.0,17.5,780.0
2025-06-14 12:00:00,33.7,60,0.0,100,1001.4,6.0,839.0
2025-06-15 12:00:00,34.8,64,0.0,39,1001.3,4.8,909.0
2025-06-16 12:00:00,29.1,81,0.2,88,1004.5,4.0,418.0
2025-06-17 12:00:00,32.2,74,0.3,100,1003.6,6.5,517.0
2025-06-18 12:00:00,34.0,60,0.0,100,1002.7,14.4,703.0
2025-06-19 12:00:00,33.2,68,0.1,100,1003.0,10.1,695.0
2025-06-20 12:00:00,32.0,68,12.5,100,1003.3,8.5,529.0
2025-06-21 12:00:00,30.6,80,0.2,100,1004.3,5.0,427.0
2025-06-22 12:00:00,27.5,91,5.2,100,1006.3,11.3,208.0
2025-06-23 12:00:00,32.5,72,0.1,95,1004.2,9.9,850.0
2025-06-24 12:00:00,32.4,74,1.4,100,1004.4,9.6,905.0
2025-06-25 12:00:00,31.5,74,0.0,96,1006.7,4.7,732.0
2025-06-26 12:00:00,32.5,73,0.1,3,1005.0,2.9,886.0
2025-06-27 12:00:00,29.1,81,0.4,100,1004.0,9.7,519.0
2025-06-28 12:00:00,29.9,79,0.1,100,1003.0,4.8,373.0
2025-06-29 12:00:00,29.5,81,0.1,100,1000.8,8.6,472.0
2025-06-30 12:00:00,32.0,75,0.3,99,1000.6,6.3,780.0
2025-07-01 12:00:00,29.5,77,0.2,100,1004.2,10.3,641.0
2025-07-02 12:00:00,28.4,83,0.3,100,1006.3,8.3,423.0
2025-07-03 12:00:00,29.0,78,1.9,100,1006.6,8.9,423.0
2025-07-04 12:00:00,31.0,72,0.1,100,1005.7,1.6,784.0
2025-07-05 12:00:00,32.7,61,0.0,14,1003.4,1.9,885.0
2025-07-06 12:00:00,32.3,67,0.0,100,1003.0,3.0,757.0
2025-07-07 12:00:00,31.7,72,0.1,33,1002.5,3.7,825.0
2025-07-08 12:00:00,33.8,61,0.1,90,1000.8,6.7,869.0
2025-07-09 12:00:00,34.5,63,0.0,95,999.1,8.1,866.0
2025-07-10 12:00:00,32.3,67,0.0,100,998.6,11.4,678.0
2025-07-11 12:00:00,31.2,73,0.2,100,999.6,6.1,743.0
2025-07-12 12:00:00,30.4,73,0.0,100,1003.9,7.0,581.0
2025-07-13 12:00:00,31.6,75,0.1,99,1005.1,0.5,862.0
2025-07-14 12:00:00,31.9,78,0.4,100,1004.3,1.3,680.0
2025-07-15 12:00:00,31.5,72,0.0,100,1001.9,6.0,563.0
2025-07-16 12:00:00,31.2,81,0.1,100,1002.2,4.8,667.0
2025-07-17 12:00:00,33.6,65,0.0,6,1002.8,1.2,903.0
2025-07-18 12:00:00,34.5,61,0.0,100,1000.5,9.7,906.0
2025-07-19 12:00:00,35.0,63,0.0,100,996.7,8.9,785.0
2025-07-20 12:00:00,31.4,74,0.0,100,996.4,13.8,478.0
2025-07-21 12:00:00,30.1,80,0.0,100,994.1,11.4,245.0
2025-07-22 12:00:00,30.0,80,0.2,100,990.5,21.0,359.0
2025-07-23 12:00:00,31.0,73,0.1,99,997.9,8.0,915.0
2025-07-24 12:00:00,30.5,75,0.1,100,1000.8,7.1,636.0
2025-07-25 12:00:00,30.6,80,0.4,99,1001.2,3.6,643.0
2025-07-26 12:00:00,32.0,67,0.0,41,1001.2,4.5,801.0
2025-07-27 12:00:00,32.0,70,0.1,29,1001.1,3.1,874.0
2025-07-28 12:00:00,33.1,68,0.0,8,999.6,2.5,894.0
2025-07-29 12:00:00,34.5,65,0.0,100,997.6,4.2,904.0
2025-07-30 12:00:00,34.5,68,0.0,100,997.1,7.4,828.0
2025-07-31 12:00:00,33.2,68,0.1,100,997.8,5.8,737.0
2025-08-01 12:00:00,32.0,71,0.0,76,998.7,6.6,856.0
2025-08-02 12:00:00,33.0,72,0.1,97,1000.9,5.3,887.0
2025-08-03 12:00:00,35.5,57,0.0,98,1000.0,12.6,902.0
2025-08-04 12:00:00,36.2,53,0.0,100,999.3,12.5,909.0
2025-08-05 12:00:00,35.3,59,0.0,100,1001.2,8.1,816.0
2025-08-06 12:00:00,28.4,87,0.3,100,1004.0,6.4,234.0
2025-08-07 12:00:00,30.0,82,0.0,100,1006.4,1.1,275.0
2025-08-08 12:00:00,33.7,63,0.0,45,1006.4,7.8,828.0
2025-08-09 12:00:00,35.2,54,0.0,92,1004.8,7.3,877.0
2025-08-10 12:00:00,33.1,70,0.2,95,1004.7,8.6,795.0
2025-08-11 12:00:00,34.1,63,0.0,91,1004.6,6.7,847.0
2025-08-12 12:00:00,33.8,63,0.0,92,1004.7,7.3,853.0
2025-08-13 12:00:00,31.6,69,0.0,70,1006.8,3.2,610.0
2025-08-14 12:00:00,32.0,75,0.3,100,1004.5,7.1,697.0
2025-08-15 12:00:00,28.9,78,0.1,100,1005.7,7.7,447.0
2025-08-16 12:00:00,28.5,77,0.5,58,1007.6,5.2,654.0
2025-08-17 12:00:00,31.0,68,0.2,100,1008.3,9.9,714.0
2025-08-18 12:00:00,27.5,85,5.0,100,1006.8,6.3,289.0
2025-08-19 12:00:00,27.5,86,0.9,100,1006.2,6.0,211.0
2025-08-20 12:00:00,32.2,70,0.2,100,1006.0,13.2,782.0
2025-08-21 12:00:00,27.9,86,4.5,100,1008.8,11.9,379.0
2025-08-22 12:00:00,30.8,79,4.3,99,1008.3,7.4,702.0
2025-08-23 12:00:00,28.5,79,0.1,100,1009.1,5.6,338.0
2025-08-24 12:00:00,32.2,67,0.3,42,1007.1,10.9,823.0
2025-08-25 12:00:00,26.5,86,1.6,100,1005.3,19.7,236.0
2025-08-26 12:00:00,25.0,95,2.4,100,1007.5,19.8,116.0
2025-08-27 12:00:00,25.8,93,2.2,100,1008.5,4.1,216.0
2025-08-28 12:00:00,30.2,71,0.1,71,1007.6,5.1,757.0
2025-08-29 12:00:00,30.8,69,0.4,100,1008.7,10.1,869.0
2025-08-30 12:00:00,27.5,85,4.9,98,1007.3,11.4,155.0
2025-08-31 12:00:00,30.2,74,0.1,98,1007.9,3.6,538.0
2025-09-01 12:00:00,29.4,79,0.1,100,1007.6,2.6,623.0
2025-09-02 12:00:00,31.1,71,0.1,87,1007.3,4.6,779.0
2025-09-03 12:00:00,32.0,64,0.1,44,1007.5,8.1,819.0
2025-09-04 12:00:00,32.8,60,0.0,12,1007.3,9.3,848.0
2025-09-05 12:00:00,33.3,58,0.0,39,1007.9,8.6,883.0
2025-09-06 12:00:00,32.2,70,0.0,100,1008.6,1.6,745.0
2025-09-07 12:00:00,32.8,60,0.0,4,1006.9,1.0,876.0
2025-09-08 12:00:00,34.0,57,0.0,72,1005.2,5.1,853.0
2025-09-09 12:00:00,31.9,74,0.1,100,1006.3,5.8,552.0
2025-09-10 12:00:00,31.5,71,0.1,100,1007.7,5.3,721.0
2025-09-11 12:00:00,30.3,76,0.3,100,1008.6,7.2,430.0
2025-09-12 12:00:00,31.3,74,0.2,94,1009.5,11.4,812.0
2025-09-13 12:00:00,31.7,70,0.0,99,1010.3,9.6,839.0
2025-09-14 12:00:00,30.7,70,1.0,99,1010.5,8.3,877.0
2025-09-15 12:00:00,27.4,83,3.1,99,1011.0,11.5,401.0
2025-09-16 12:00:00,30.7,73,0.1,96,1010.4,3.1,828.0
2025-09-17 12:00:00,31.2,69,0.2,100,1009.3,5.5,854.0
2025-09-18 12:00:00,30.0,71,0.1,100,1009.1,3.8,564.0
2025-09-19 12:00:00,31.0,71,0.1,73,1009.1,1.7,776.0
2025-09-20 12:00:00,33.2,56,0.0,25,1007.1,2.5,832.0
2025-09-21 12:00:00,32.8,66,0.1,25,1005.8,7.6,811.0
2025-09-22 12:00:00,29.1,75,0.1,95,1007.7,8.7,540.0
2025-09-23 12:00:00,31.0,63,0.0,12,1005.7,8.8,741.0
2025-09-24 12:00:00,32.9,50,0.0,100,1003.0,18.0,798.0
2025-09-25 12:00:00,26.2,84,1.3,100,1003.9,17.1,317.0
2025-09-26 12:00:00,28.4,78,0.0,98,1010.7,5.5,538.0
2025-09-27 12:00:00,30.9,70,0.1,100,1012.5,5.8,724.0
2025-09-28 12:00:00,29.2,78,4.6,95,1008.4,11.4,480.0
2025-09-29 12:00:00,25.3,93,4.9,100,1005.7,34.0,106.0
2025-09-30 12:00:00,26.1,91,3.8,100,1010.5,8.0,253.0
2025-10-01 12:00:00,30.0,75,0.1,100,1011.1,10.8,603.0
2025-10-02 12:00:00,31.5,63,0.0,1,1011.4,8.2,825.0
2025-10-03 12:00:00,31.5,61,0.0,0,1010.7,9.5,839.0
2025-10-04 12:00:00,31.0,72,0.0,31,1011.1,6.8,737.0
2025-10-05 12:00:00,32.0,69,0.0,96,1006.7,9.6,803.0
2025-10-06 12:00:00,26.2,91,1.7,100,1004.4,12.0,122.0
2025-10-07 12:00:00,24.4,95,1.5,100,1012.6,7.9,87.0
2025-10-08 12:00:00,29.0,74,0.0,97,1013.9,2.1,510.0
2025-10-09 12:00:00,30.3,67,0.1,15,1012.6,1.4,750.0
2025-10-10 12:00:00,30.3,69,0.0,6,1012.1,2.7,756.0
2025-10-11 12:00:00,29.5,72,0.0,100,1011.0,4.7,483.0
2025-10-12 12:00:00,30.8,66,0.0,18,1010.2,5.1,733.0
2025-10-13 12:00:00,27.2,84,5.1,100,1011.3,7.2,413.0
2025-10-14 12:00:00,26.5,85,0.0,100,1010.9,7.3,246.0
2025-10-15 12:00:00,28.4,76,0.1,100,1012.1,7.4,309.0
2025-10-16 12:00:00,30.4,69,0.0,66,1013.3,4.8,753.0
2025-10-17 12:00:00,30.6,63,0.0,55,1014.1,4.6,738.0
2025-10-18 12:00:00,30.5,66,0.0,11,1013.6,5.3,715.0
2025-10-19 12:00:00,30.6,66,0.1,100,1012.4,8.5,721.0
2025-10-20 12:00:00,28.5,59,0.0,3,1013.9,14.5,786.0
2025-10-21 12:00:00,26.7,53,0.0,0,1016.5,19.4,792.0
2025-10-22 12:00:00,24.1,53,0.0,100,1018.4,17.4,615.0
2025-10-23 12:00:00,19.9,65,0.0,100,1020.4,14.4,230.0
2025-10-24 12:00:00,22.0,65,0.0,100,1019.2,11.7,298.0
2025-10-25 12:00:00,24.0,64,0.0,100,1017.8,7.4,378.0
2025-10-26 12:00:00,25.9,64,0.0,99,1017.1,8.6,571.0
2025-10-27 12:00:00,24.7,59,0.0,91,1017.9,11.5,507.0
2025-10-28 12:00:00,25.5,58,0.0,100,1017.4,9.7,421.0
2025-10-29 12:00:00,26.1,59,0.0,100,1015.9,4.9,532.0
2025-10-30 12:00:00,24.9,77,0.0,100,1016.0,7.8,183.0
2025-10-31 12:00:00,25.1,76,0.1,100,1016.4,11.4,185.0
2025-11-01 12:00:00,21.4,79,0.2,100,1018.2,12.9,229.0
2025-11-02 12:00:00,21.4,78,0.0,100,1018.2,10.4,191.0
2025-11-03 12:00:00,19.6,76,0.1,100,1019.5,13.2,149.0
2025-11-04 12:00:00,20.2,69,0.0,100,1018.4,14.0,262.0
2025-11-05 12:00:00,22.1,70,0.0,100,1014.6,6.1,229.0
2025-11-06 12:00:00,24.5,76,0.0,100,1013.5,5.8,316.0
2025-11-07 12:00:00,24.5,85,0.5,100,1012.0,9.4,167.0
2025-11-08 12:00:00,27.1,80,1.5,99,1013.0,11.8,325.0
2025-11-09 12:00:00,26.3,89,0.3,99,1012.3,5.2,281.0
2025-11-10 12:00:00,27.2,71,0.0,99,1011.1,7.7,618.0
2025-11-11 12:00:00,22.9,76,0.0,100,1013.0,5.8,183.0
2025-11-12 12:00:00,22.9,58,0.0,98,1016.2,10.5,326.0
2025-11-13 12:00:00,24.9,51,0.0,16,1018.9,11.4,745.0
2025-11-14 12:00:00,24.9,45,0.0,8,1018.4,8.7,752.0
2025-11-15 12:00:00,25.5,58,0.0,0,1019.9,9.3,737.0
2025-11-16 12:00:00,24.0,74,0.0,100,1020.8,6.8,250.0
2025-11-17 12:00:00,24.9,75,0.0,100,1020.0,7.1,296.0
2025-11-18 12:00:00,16.9,84,0.8,100,1024.2,24.2,87.0
2025-11-19 12:00:00,16.9,57,0.0,100,1027.9,16.3,566.0
2025-11-20 12:00:00,20.1,54,0.0,0,1025.2,12.5,722.0
2025-11-21 12:00:00,22.0,49,0.0,0,1024.8,14.8,720.0
2025-11-22 12:00:00,23.0,44,0.0,0,1021.5,6.8,726.0
2025-11-23 12:00:00,23.8,53,0.0,0,1020.2,6.9,716.0
2025-11-24 12:00:00,24.5,48,0.0,0,1020.4,10.9,719.0
2025-11-25 12:00:00,22.5,46,0.0,29,1022.0,16.2,722.0
2025-11-26 12:00:00,22.1,43,0.0,19,1020.4,10.2,730.0
2025-11-27 12:00:00,22.5,43,0.0,27,1024.3,17.5,741.0
2025-11-28 12:00:00,22.4,48,0.0,87,1019.3,7.4,738.0
2025-11-29 12:00:00,21.2,61,0.0,0,1016.0,2.7,731.0
2025-11-30 12:00:00,22.1,62,0.0,0,1014.1,2.6,701.0
2025-12-01 12:00:00,21.1,75,0.0,96,1015.5,6.7,375.0
2025-12-02 12:00:00,25.4,72,0.0,44,1013.8,5.3,461.0
2025-12-03 12:00:00,24.0,60,0.0,95,1020.2,17.4,483.0
2025-12-04 12:00:00,22.2,62,0.0,38,1020.1,5.1,622.0
2025-12-05 12:00:00,19.2,85,0.1,100,1022.0,9.9,129.0
2025-12-06 12:00:00,23.5,62,0.0,100,1019.0,7.0,686.0
2025-12-07 12:00:00,24.5,69,0.1,30,1018.9,2.8,564.0
2025-12-08 12:00:00,23.9,60,0.0,3,1021.3,7.5,642.0
2025-12-09 12:00:00,24.4,60,0.0,11,1019.2,5.8,594.0
2025-12-10 12:00:00,25.0,60,0.0,0,1018.1,0.4,675.0
2025-12-11 12:00:00,22.6,73,0.0,100,1018.7,6.1,259.0
2025-12-12 12:00:00,24.2,71,0.0,100,1015.2,5.4,338.0
2025-12-13 12:00:00,22.0,94,2.2,100,1018.7,12.4,162.0
2025-12-14 12:00:00,19.0,56,0.0,27,1023.7,9.7,457.0
2025-12-15 12:00:00,21.1,56,0.0,0,1019.6,2.1,666.0
2025-12-16 12:00:00,20.8,73,0.0,100,1018.3,4.9,330.0
2025-12-17 12:00:00,22.5,73,0.0,57,1020.6,9.9,371.0
2025-12-18 12:00:00,23.8,61,0.0,3,1019.1,2.9,665.0
2025-12-19 12:00:00,23.6,66,0.0,13,1015.1,5.6,638.0
2025-12-20 12:00:00,23.6,75,0.2,37,1015.7,2.4,461.0
2025-12-21 12:00:00,24.5,68,0.0,100,1018.2,5.6,454.0
2025-12-22 12:00:00,25.0,65,0.0,23,1015.6,13.6,575.0
2025-12-23 12:00:00,25.5,73,0.0,93,1014.0,11.8,508.0
2025-12-24 12:00:00,26.2,70,0.0,100,1012.5,9.4,583.0
2025-12-25 12:00:00,17.4,54,0.0,100,1022.0,15.5,197.0
2025-12-26 12:00:00,18.5,42,0.0,0,1020.9,5.0,685.0
2025-12-27 12:00:00,19.1,49,0.0,70,1020.3,5.9,554.0
2025-12-28 12:00:00,20.3,58,0.0,38,1019.1,0.4,468.0
2025-12-29 12:00:00,22.0,66,0.0,99,1015.1,8.3,286.0
2025-12-30 12:00:00,23.4,66,0.0,45,1015.1,12.2,555.0
2025-12-31 12:00:00,23.9,69,0.0,96,1011.2,13.9,389.0
