horizon_day,task,model,candidate_index,rank_test_score,mean_test_score,std_test_score,mean_cv_rmse,mean_cv_f1,is_best,best_params,params,search_iter_budget
1,temperature_regression,LinearRegression,1,1,,,,,True,StandardScaler + LinearRegression,StandardScaler + LinearRegression,20
1,temperature_regression,KNNRegressor,1,1,-3.2940762734960067,0.8270277075043782,3.2940762734960067,,True,"{""model__n_neighbors"": 9, ""model__weights"": ""distance""}","{""model__n_neighbors"": 9, ""model__weights"": ""distance""}",20
1,temperature_regression,KNNRegressor,2,16,-3.3270567099817954,0.8223887287874242,3.3270567099817954,,False,"{""model__n_neighbors"": 9, ""model__weights"": ""distance""}","{""model__n_neighbors"": 17, ""model__weights"": ""uniform""}",20
1,temperature_regression,KNNRegressor,3,10,-3.3107170572735547,0.8243154878249309,3.3107170572735547,,False,"{""model__n_neighbors"": 9, ""model__weights"": ""distance""}","{""model__n_neighbors"": 10, ""model__weights"": ""uniform""}",20
1,temperature_regression,KNNRegressor,4,12,-3.3229087410611022,0.8387825551724037,3.3229087410611022,,False,"{""model__n_neighbors"": 9, ""model__weights"": ""distance""}","{""model__n_neighbors"": 23, ""model__weights"": ""uniform""}",20
1,temperature_regression,KNNRegressor,5,15,-3.326899879956359,0.8267756332748307,3.326899879956359,,False,"{""model__n_neighbors"": 9, ""model__weights"": ""distance""}","{""model__n_neighbors"": 21, ""model__weights"": ""uniform""}",20
1,temperature_regression,KNNRegressor,6,19,-3.3305168423338563,0.8102777645266201,3.3305168423338563,,False,"{""model__n_neighbors"": 9, ""model__weights"": ""distance""}","{""model__n_neighbors"": 13, ""model__weights"": ""uniform""}",20
1,temperature_regression,KNNRegressor,7,7,-3.3074197176080333,0.8396089643810748,3.3074197176080333,,False,"{""model__n_neighbors"": 9, ""model__weights"": ""distance""}","{""model__n_neighbors"": 23, ""model__weights"": ""distance""}",20
1,temperature_regression,KNNRegressor,8,2,-3.2972376746309573,0.8282210044130778,3.2972376746309573,,False,"{""model__n_neighbors"": 9, ""model__weights"": ""distance""}","{""model__n_neighbors"": 10, ""model__weights"": ""distance""}",20
1,temperature_regression,KNNRegressor,9,20,-3.331093597872848,0.8340343328772819,3.331093597872848,,False,"{""model__n_neighbors"": 9, ""model__weights"": ""distance""}","{""model__n_neighbors"": 5, ""model__weights"": ""distance""}",20
1,temperature_regression,KNNRegressor,10,7,-3.3074197176080333,0.8396089643810748,3.3074197176080333,,False,"{""model__n_neighbors"": 9, ""model__weights"": ""distance""}","{""model__n_neighbors"": 23, ""model__weights"": ""distance""}",20
1,temperature_regression,KNNRegressor,11,5,-3.305950377678415,0.8196032813657927,3.305950377678415,,False,"{""model__n_neighbors"": 9, ""model__weights"": ""distance""}","{""model__n_neighbors"": 14, ""model__weights"": ""distance""}",20
1,temperature_regression,KNNRegressor,12,3,-3.299801272739895,0.8320575395745144,3.299801272739895,,False,"{""model__n_neighbors"": 9, ""model__weights"": ""distance""}","{""model__n_neighbors"": 8, ""model__weights"": ""distance""}",20
1,temperature_regression,KNNRegressor,13,12,-3.3229087410611022,0.8387825551724037,3.3229087410611022,,False,"{""model__n_neighbors"": 9, ""model__weights"": ""distance""}","{""model__n_neighbors"": 23, ""model__weights"": ""uniform""}",20
1,temperature_regression,KNNRegressor,14,5,-3.305950377678415,0.8196032813657927,3.305950377678415,,False,"{""model__n_neighbors"": 9, ""model__weights"": ""distance""}","{""model__n_neighbors"": 14, ""model__weights"": ""distance""}",20
1,temperature_regression,KNNRegressor,15,11,-3.3187560723849474,0.8450544731677044,3.3187560723849474,,False,"{""model__n_neighbors"": 9, ""model__weights"": ""distance""}","{""model__n_neighbors"": 24, ""model__weights"": ""uniform""}",20
1,temperature_regression,KNNRegressor,16,14,-3.323033625482798,0.8138687303065715,3.323033625482798,,False,"{""model__n_neighbors"": 9, ""model__weights"": ""distance""}","{""model__n_neighbors"": 14, ""model__weights"": ""uniform""}",20
1,temperature_regression,KNNRegressor,17,18,-3.329959698224512,0.8178972461184489,3.329959698224512,,False,"{""model__n_neighbors"": 9, ""model__weights"": ""distance""}","{""model__n_neighbors"": 19, ""model__weights"": ""uniform""}",20
1,temperature_regression,KNNRegressor,18,4,-3.304201877755541,0.8249933434641268,3.304201877755541,,False,"{""model__n_neighbors"": 9, ""model__weights"": ""distance""}","{""model__n_neighbors"": 12, ""model__weights"": ""distance""}",20
1,temperature_regression,KNNRegressor,19,17,-3.3291975289648787,0.8198178513857581,3.3291975289648787,,False,"{""model__n_neighbors"": 9, ""model__weights"": ""distance""}","{""model__n_neighbors"": 18, ""model__weights"": ""uniform""}",20
1,temperature_regression,KNNRegressor,20,9,-3.3091743336557613,0.8255738584634491,3.3091743336557613,,False,"{""model__n_neighbors"": 9, ""model__weights"": ""distance""}","{""model__n_neighbors"": 17, ""model__weights"": ""distance""}",20
1,temperature_regression,XGBoostRegressor,1,10,-3.081904906002179,0.9485481917532097,3.081904906002179,,False,"{""learning_rate"": 0.01596950334578271, ""max_depth"": 4, ""n_estimators"": 443}","{""learning_rate"": 0.11861663446573512, ""max_depth"": 7, ""n_estimators"": 370}",20
1,temperature_regression,XGBoostRegressor,2,11,-3.116940437173075,0.9130805566126995,3.116940437173075,,False,"{""learning_rate"": 0.01596950334578271, ""max_depth"": 4, ""n_estimators"": 443}","{""learning_rate"": 0.22227824312530747, ""max_depth"": 7, ""n_estimators"": 120}",20
1,temperature_regression,XGBoostRegressor,3,4,-2.983615130381577,0.8425367687773035,2.983615130381577,,False,"{""learning_rate"": 0.01596950334578271, ""max_depth"": 4, ""n_estimators"": 443}","{""learning_rate"": 0.055245405728306586, ""max_depth"": 5, ""n_estimators"": 314}",20
1,temperature_regression,XGBoostRegressor,4,15,-3.1832395446715003,0.8910615299725226,3.1832395446715003,,False,"{""learning_rate"": 0.01596950334578271, ""max_depth"": 4, ""n_estimators"": 443}","{""learning_rate"": 0.026844247528777843, ""max_depth"": 10, ""n_estimators"": 472}",20
1,temperature_regression,XGBoostRegressor,5,20,-3.2441004825105457,0.8836559826256197,3.2441004825105457,,False,"{""learning_rate"": 0.01596950334578271, ""max_depth"": 4, ""n_estimators"": 443}","{""learning_rate"": 0.18432335340553055, ""max_depth"": 10, ""n_estimators"": 230}",20
1,temperature_regression,XGBoostRegressor,6,1,-2.8963997434093476,0.7591935861827025,2.8963997434093476,,True,"{""learning_rate"": 0.01596950334578271, ""max_depth"": 4, ""n_estimators"": 443}","{""learning_rate"": 0.01596950334578271, ""max_depth"": 4, ""n_estimators"": 443}",20
1,temperature_regression,XGBoostRegressor,7,16,-3.1909517722826686,0.8767277322151151,3.1909517722826686,,False,"{""learning_rate"": 0.01596950334578271, ""max_depth"": 4, ""n_estimators"": 443}","{""learning_rate"": 0.2514083658321223, ""max_depth"": 8, ""n_estimators"": 485}",20
1,temperature_regression,XGBoostRegressor,8,9,-3.0789320738821084,0.9547774444407082,3.0789320738821084,,False,"{""learning_rate"": 0.01596950334578271, ""max_depth"": 4, ""n_estimators"": 443}","{""learning_rate"": 0.06272924049005918, ""max_depth"": 7, ""n_estimators"": 260}",20
1,temperature_regression,XGBoostRegressor,9,12,-3.138776378228299,0.9172706628933909,3.138776378228299,,False,"{""learning_rate"": 0.01596950334578271, ""max_depth"": 4, ""n_estimators"": 443}","{""learning_rate"": 0.09823025045826593, ""max_depth"": 8, ""n_estimators"": 352}",20
1,temperature_regression,XGBoostRegressor,10,2,-2.908476089313028,0.8407948522647799,2.908476089313028,,False,"{""learning_rate"": 0.01596950334578271, ""max_depth"": 4, ""n_estimators"": 443}","{""learning_rate"": 0.13526405540621358, ""max_depth"": 3, ""n_estimators"": 158}",20
1,temperature_regression,XGBoostRegressor,11,19,-3.231062216885961,0.8831112481800428,3.231062216885961,,False,"{""learning_rate"": 0.01596950334578271, ""max_depth"": 4, ""n_estimators"": 443}","{""learning_rate"": 0.1259596817974241, ""max_depth"": 10, ""n_estimators"": 287}",20
1,temperature_regression,XGBoostRegressor,12,13,-3.1439659581460218,0.9159341598296052,3.1439659581460218,,False,"{""learning_rate"": 0.01596950334578271, ""max_depth"": 4, ""n_estimators"": 443}","{""learning_rate"": 0.11624493455517058, ""max_depth"": 8, ""n_estimators"": 274}",20
1,temperature_regression,XGBoostRegressor,13,7,-3.046598895530159,0.9421162750272096,3.046598895530159,,False,"{""learning_rate"": 0.01596950334578271, ""max_depth"": 4, ""n_estimators"": 443}","{""learning_rate"": 0.1893319427065953, ""max_depth"": 6, ""n_estimators"": 154}",20
1,temperature_regression,XGBoostRegressor,14,17,-3.203977405376077,0.9234715807713858,3.203977405376077,,False,"{""learning_rate"": 0.01596950334578271, ""max_depth"": 4, ""n_estimators"": 443}","{""learning_rate"": 0.29513695688396857, ""max_depth"": 3, ""n_estimators"": 230}",20
1,temperature_regression,XGBoostRegressor,15,18,-3.2041787618154,0.8646349135346797,3.2041787618154,,False,"{""learning_rate"": 0.01596950334578271, ""max_depth"": 4, ""n_estimators"": 443}","{""learning_rate"": 0.25938271795353296, ""max_depth"": 9, ""n_estimators"": 120}",20
1,temperature_regression,XGBoostRegressor,16,5,-3.022596154439655,0.7953691357156265,3.022596154439655,,False,"{""learning_rate"": 0.01596950334578271, ""max_depth"": 4, ""n_estimators"": 443}","{""learning_rate"": 0.14064478307116746, ""max_depth"": 4, ""n_estimators"": 487}",20
1,temperature_regression,XGBoostRegressor,17,14,-3.1455035292061413,0.9340764073058441,3.1455035292061413,,False,"{""learning_rate"": 0.01596950334578271, ""max_depth"": 4, ""n_estimators"": 443}","{""learning_rate"": 0.28323850914860726, ""max_depth"": 8, ""n_estimators"": 341}",20
1,temperature_regression,XGBoostRegressor,18,3,-2.9662717212579897,0.7208459356476112,2.9662717212579897,,False,"{""learning_rate"": 0.01596950334578271, ""max_depth"": 4, ""n_estimators"": 443}","{""learning_rate"": 0.12177078573657565, ""max_depth"": 4, ""n_estimators"": 152}",20
1,temperature_regression,XGBoostRegressor,19,6,-3.0323817441461314,0.8782945381151833,3.0323817441461314,,False,"{""learning_rate"": 0.01596950334578271, ""max_depth"": 4, ""n_estimators"": 443}","{""learning_rate"": 0.0769592094304232, ""max_depth"": 6, ""n_estimators"": 466}",20
1,temperature_regression,XGBoostRegressor,20,8,-3.061037253166111,0.8883641474327247,3.061037253166111,,False,"{""learning_rate"": 0.01596950334578271, ""max_depth"": 4, ""n_estimators"": 443}","{""learning_rate"": 0.2081464204593829, ""max_depth"": 6, ""n_estimators"": 363}",20
1,rain_classification,LogisticRegression,1,1,0.6267962056076015,0.07575799824606004,,0.6267962056076015,True,"{""model__C"": 0.01}","{""model__C"": 0.01}",20
1,rain_classification,LogisticRegression,2,2,0.6163576903185172,0.06558214538592844,,0.6163576903185172,False,"{""model__C"": 0.01}","{""model__C"": 0.1}",20
1,rain_classification,LogisticRegression,3,3,0.6148113507039172,0.052065709851690276,,0.6148113507039172,False,"{""model__C"": 0.01}","{""model__C"": 1.0}",20
1,rain_classification,LogisticRegression,4,5,0.6116720454398318,0.051711166072518765,,0.6116720454398318,False,"{""model__C"": 0.01}","{""model__C"": 10.0}",20
1,rain_classification,LogisticRegression,5,4,0.6124303815565952,0.05161627732524633,,0.6124303815565952,False,"{""model__C"": 0.01}","{""model__C"": 100.0}",20
1,rain_classification,SVM,1,6,0.6191498315023785,0.06117850363094001,,0.6191498315023785,False,"{""model__C"": 1.0, ""model__kernel"": ""rbf""}","{""model__C"": 0.1, ""model__kernel"": ""linear""}",20
1,rain_classification,SVM,2,7,0.6051997096082808,0.05591699517087472,,0.6051997096082808,False,"{""model__C"": 1.0, ""model__kernel"": ""rbf""}","{""model__C"": 0.1, ""model__kernel"": ""rbf""}",20
1,rain_classification,SVM,3,5,0.6198790520549732,0.04903386497367163,,0.6198790520549732,False,"{""model__C"": 1.0, ""model__kernel"": ""rbf""}","{""model__C"": 1.0, ""model__kernel"": ""linear""}",20
1,rain_classification,SVM,4,1,0.6595572302970247,0.05448962186084109,,0.6595572302970247,True,"{""model__C"": 1.0, ""model__kernel"": ""rbf""}","{""model__C"": 1.0, ""model__kernel"": ""rbf""}",20
1,rain_classification,SVM,5,4,0.6238603941833085,0.04959574272373871,,0.6238603941833085,False,"{""model__C"": 1.0, ""model__kernel"": ""rbf""}","{""model__C"": 10.0, ""model__kernel"": ""linear""}",20
1,rain_classification,SVM,6,2,0.6252977301238121,0.06042968743026582,,0.6252977301238121,False,"{""model__C"": 1.0, ""model__kernel"": ""rbf""}","{""model__C"": 10.0, ""model__kernel"": ""rbf""}",20
1,rain_classification,SVM,7,3,0.6250651454452679,0.05260350108160125,,0.6250651454452679,False,"{""model__C"": 1.0, ""model__kernel"": ""rbf""}","{""model__C"": 100.0, ""model__kernel"": ""linear""}",20
1,rain_classification,SVM,8,8,0.5719194889575488,0.03814725032453782,,0.5719194889575488,False,"{""model__C"": 1.0, ""model__kernel"": ""rbf""}","{""model__C"": 100.0, ""model__kernel"": ""rbf""}",20
1,rain_classification,XGBoostClassifier,1,8,0.6188918922425419,0.05048795037126293,,0.6188918922425419,False,"{""learning_rate"": 0.01596950334578271, ""max_depth"": 4, ""n_estimators"": 443}","{""learning_rate"": 0.11861663446573512, ""max_depth"": 7, ""n_estimators"": 370}",20
1,rain_classification,XGBoostClassifier,2,15,0.6069908108558262,0.03372135426605004,,0.6069908108558262,False,"{""learning_rate"": 0.01596950334578271, ""max_depth"": 4, ""n_estimators"": 443}","{""learning_rate"": 0.22227824312530747, ""max_depth"": 7, ""n_estimators"": 120}",20
1,rain_classification,XGBoostClassifier,3,11,0.6147146358777565,0.052736148678435985,,0.6147146358777565,False,"{""learning_rate"": 0.01596950334578271, ""max_depth"": 4, ""n_estimators"": 443}","{""learning_rate"": 0.055245405728306586, ""max_depth"": 5, ""n_estimators"": 314}",20
1,rain_classification,XGBoostClassifier,4,2,0.6303105077841282,0.05176090929428925,,0.6303105077841282,False,"{""learning_rate"": 0.01596950334578271, ""max_depth"": 4, ""n_estimators"": 443}","{""learning_rate"": 0.026844247528777843, ""max_depth"": 10, ""n_estimators"": 472}",20
1,rain_classification,XGBoostClassifier,5,12,0.613135568618527,0.0634619732959138,,0.613135568618527,False,"{""learning_rate"": 0.01596950334578271, ""max_depth"": 4, ""n_estimators"": 443}","{""learning_rate"": 0.18432335340553055, ""max_depth"": 10, ""n_estimators"": 230}",20
1,rain_classification,XGBoostClassifier,6,1,0.6375941798639807,0.045135896120607866,,0.6375941798639807,True,"{""learning_rate"": 0.01596950334578271, ""max_depth"": 4, ""n_estimators"": 443}","{""learning_rate"": 0.01596950334578271, ""max_depth"": 4, ""n_estimators"": 443}",20
1,rain_classification,XGBoostClassifier,7,20,0.5960812592475271,0.07163679926355915,,0.5960812592475271,False,"{""learning_rate"": 0.01596950334578271, ""max_depth"": 4, ""n_estimators"": 443}","{""learning_rate"": 0.2514083658321223, ""max_depth"": 8, ""n_estimators"": 485}",20
1,rain_classification,XGBoostClassifier,8,4,0.627970799155998,0.037309515066814763,,0.627970799155998,False,"{""learning_rate"": 0.01596950334578271, ""max_depth"": 4, ""n_estimators"": 443}","{""learning_rate"": 0.06272924049005918, ""max_depth"": 7, ""n_estimators"": 260}",20
1,rain_classification,XGBoostClassifier,9,10,0.6171882909893609,0.049708032412888556,,0.6171882909893609,False,"{""learning_rate"": 0.01596950334578271, ""max_depth"": 4, ""n_estimators"": 443}","{""learning_rate"": 0.09823025045826593, ""max_depth"": 8, ""n_estimators"": 352}",20
1,rain_classification,XGBoostClassifier,10,3,0.6301727302908302,0.05489009972727134,,0.6301727302908302,False,"{""learning_rate"": 0.01596950334578271, ""max_depth"": 4, ""n_estimators"": 443}","{""learning_rate"": 0.13526405540621358, ""max_depth"": 3, ""n_estimators"": 158}",20
1,rain_classification,XGBoostClassifier,11,9,0.6174399556945873,0.05483560885726574,,0.6174399556945873,False,"{""learning_rate"": 0.01596950334578271, ""max_depth"": 4, ""n_estimators"": 443}","{""learning_rate"": 0.1259596817974241, ""max_depth"": 10, ""n_estimators"": 287}",20
1,rain_classification,XGBoostClassifier,12,13,0.6119906586500391,0.03940137363299171,,0.6119906586500391,False,"{""learning_rate"": 0.01596950334578271, ""max_depth"": 4, ""n_estimators"": 443}","{""learning_rate"": 0.11624493455517058, ""max_depth"": 8, ""n_estimators"": 274}",20
1,rain_classification,XGBoostClassifier,13,6,0.6202207542822895,0.035028562053713914,,0.6202207542822895,False,"{""learning_rate"": 0.01596950334578271, ""max_depth"": 4, ""n_estimators"": 443}","{""learning_rate"": 0.1893319427065953, ""max_depth"": 6, ""n_estimators"": 154}",20
1,rain_classification,XGBoostClassifier,14,18,0.6025647836921201,0.027066716233394624,,0.6025647836921201,False,"{""learning_rate"": 0.01596950334578271, ""max_depth"": 4, ""n_estimators"": 443}","{""learning_rate"": 0.29513695688396857, ""max_depth"": 3, ""n_estimators"": 230}",20
1,rain_classification,XGBoostClassifier,15,7,0.6197610315612481,0.049613451623579954,,0.6197610315612481,False,"{""learning_rate"": 0.01596950334578271, ""max_depth"": 4, ""n_estimators"": 443}","{""learning_rate"": 0.25938271795353296, ""max_depth"": 9, ""n_estimators"": 120}",20
1,rain_classification,XGBoostClassifier,16,19,0.5991367729371857,0.04515050885678174,,0.5991367729371857,False,"{""learning_rate"": 0.01596950334578271, ""max_depth"": 4, ""n_estimators"": 443}","{""learning_rate"": 0.14064478307116746, ""max_depth"": 4, ""n_estimators"": 487}",20
1,rain_classification,XGBoostClassifier,17,14,0.6081712257793721,0.07191027461733275,,0.6081712257793721,False,"{""learning_rate"": 0.01596950334578271, ""max_depth"": 4, ""n_estimators"": 443}","{""learning_rate"": 0.28323850914860726, ""max_depth"": 8, ""n_estimators"": 341}",20
1,rain_classification,XGBoostClassifier,18,5,0.6214493431087477,0.04331254629176331,,0.6214493431087477,False,"{""learning_rate"": 0.01596950334578271, ""max_depth"": 4, ""n_estimators"": 443}","{""learning_rate"": 0.12177078573657565, ""max_depth"": 4, ""n_estimators"": 152}",20
1,rain_classification,XGBoostClassifier,19,17,0.6040138338088081,0.040059014044348765,,0.6040138338088081,False,"{""learning_rate"": 0.01596950334578271, ""max_depth"": 4, ""n_estimators"": 443}","{""learning_rate"": 0.0769592094304232, ""max_depth"": 6, ""n_estimators"": 466}",20
1,rain_classification,XGBoostClassifier,20,16,0.6064121481458689,0.04340564324016273,,0.6064121481458689,False,"{""learning_rate"": 0.01596950334578271, ""max_depth"": 4, ""n_estimators"": 443}","{""learning_rate"": 0.2081464204593829, ""max_depth"": 6, ""n_estimators"": 363}",20
2,temperature_regression,LinearRegression,1,1,,,,,True,StandardScaler + LinearRegression,StandardScaler + LinearRegression,20
2,temperature_regression,KNNRegressor,1,17,-3.8581627441213024,0.8292211080881593,3.8581627441213024,,False,"{""model__n_neighbors"": 23, ""model__weights"": ""distance""}","{""model__n_neighbors"": 9, ""model__weights"": ""distance""}",20
2,temperature_regression,KNNRegressor,2,10,-3.834629407438335,0.8270494389752764,3.834629407438335,,False,"{""model__n_neighbors"": 23, ""model__weights"": ""distance""}","{""model__n_neighbors"": 17, ""model__weights"": ""uniform""}",20
2,temperature_regression,KNNRegressor,3,15,-3.855570785139412,0.82354868665913,3.855570785139412,,False,"{""model__n_neighbors"": 23, ""model__weights"": ""distance""}","{""model__n_neighbors"": 10, ""model__weights"": ""uniform""}",20
2,temperature_regression,KNNRegressor,4,4,-3.8072899436316745,0.8378601390519985,3.8072899436316745,,False,"{""model__n_neighbors"": 23, ""model__weights"": ""distance""}","{""model__n_neighbors"": 23, ""model__weights"": ""uniform""}",20
2,temperature_regression,KNNRegressor,5,6,-3.820638453706529,0.8290553101027494,3.820638453706529,,False,"{""model__n_neighbors"": 23, ""model__weights"": ""distance""}","{""model__n_neighbors"": 21, ""model__weights"": ""uniform""}",20
2,temperature_regression,KNNRegressor,6,18,-3.8587333949017832,0.8084971931491859,3.8587333949017832,,False,"{""model__n_neighbors"": 23, ""model__weights"": ""distance""}","{""model__n_neighbors"": 13, ""model__weights"": ""uniform""}",20
2,temperature_regression,KNNRegressor,7,1,-3.7985020428079617,0.8382456293811977,3.7985020428079617,,True,"{""model__n_neighbors"": 23, ""model__weights"": ""distance""}","{""model__n_neighbors"": 23, ""model__weights"": ""distance""}",20
2,temperature_regression,KNNRegressor,8,13,-3.8473566286426526,0.8266629158920313,3.8473566286426526,,False,"{""model__n_neighbors"": 23, ""model__weights"": ""distance""}","{""model__n_neighbors"": 10, ""model__weights"": ""distance""}",20
2,temperature_regression,KNNRegressor,9,20,-3.9767763418989874,0.8484214414472869,3.9767763418989874,,False,"{""model__n_neighbors"": 23, ""model__weights"": ""distance""}","{""model__n_neighbors"": 5, ""model__weights"": ""distance""}",20
2,temperature_regression,KNNRegressor,10,1,-3.7985020428079617,0.8382456293811977,3.7985020428079617,,True,"{""model__n_neighbors"": 23, ""model__weights"": ""distance""}","{""model__n_neighbors"": 23, ""model__weights"": ""distance""}",20
2,temperature_regression,KNNRegressor,11,11,-3.8441063202562065,0.8068538723243883,3.8441063202562065,,False,"{""model__n_neighbors"": 23, ""model__weights"": ""distance""}","{""model__n_neighbors"": 14, ""model__weights"": ""distance""}",20
2,temperature_regression,KNNRegressor,12,19,-3.8673664829295724,0.8359316627633901,3.8673664829295724,,False,"{""model__n_neighbors"": 23, ""model__weights"": ""distance""}","{""model__n_neighbors"": 8, ""model__weights"": ""distance""}",20
2,temperature_regression,KNNRegressor,13,4,-3.8072899436316745,0.8378601390519985,3.8072899436316745,,False,"{""model__n_neighbors"": 23, ""model__weights"": ""distance""}","{""model__n_neighbors"": 23, ""model__weights"": ""uniform""}",20
2,temperature_regression,KNNRegressor,14,11,-3.8441063202562065,0.8068538723243883,3.8441063202562065,,False,"{""model__n_neighbors"": 23, ""model__weights"": ""distance""}","{""model__n_neighbors"": 14, ""model__weights"": ""distance""}",20
2,temperature_regression,KNNRegressor,15,3,-3.799448713910439,0.843653457227804,3.799448713910439,,False,"{""model__n_neighbors"": 23, ""model__weights"": ""distance""}","{""model__n_neighbors"": 24, ""model__weights"": ""uniform""}",20
2,temperature_regression,KNNRegressor,16,16,-3.8557609387358456,0.8016404191409976,3.8557609387358456,,False,"{""model__n_neighbors"": 23, ""model__weights"": ""distance""}","{""model__n_neighbors"": 14, ""model__weights"": ""uniform""}",20
2,temperature_regression,KNNRegressor,17,8,-3.82797641188195,0.8314006566451012,3.82797641188195,,False,"{""model__n_neighbors"": 23, ""model__weights"": ""distance""}","{""model__n_neighbors"": 19, ""model__weights"": ""uniform""}",20
2,temperature_regression,KNNRegressor,18,14,-3.8483852898070965,0.8183511878909768,3.8483852898070965,,False,"{""model__n_neighbors"": 23, ""model__weights"": ""distance""}","{""model__n_neighbors"": 12, ""model__weights"": ""distance""}",20
2,temperature_regression,KNNRegressor,19,9,-3.829214775214094,0.8302717086745914,3.829214775214094,,False,"{""model__n_neighbors"": 23, ""model__weights"": ""distance""}","{""model__n_neighbors"": 18, ""model__weights"": ""uniform""}",20
2,temperature_regression,KNNRegressor,20,7,-3.8237037097304585,0.8285853636903916,3.8237037097304585,,False,"{""model__n_neighbors"": 23, ""model__weights"": ""distance""}","{""model__n_neighbors"": 17, ""model__weights"": ""distance""}",20
2,temperature_regression,XGBoostRegressor,1,7,-3.7264792511879095,0.9396847418714172,3.7264792511879095,,False,"{""learning_rate"": 0.01596950334578271, ""max_depth"": 4, ""n_estimators"": 443}","{""learning_rate"": 0.11861663446573512, ""max_depth"": 7, ""n_estimators"": 370}",20
2,temperature_regression,XGBoostRegressor,2,16,-3.775708643650011,1.000586148026258,3.775708643650011,,False,"{""learning_rate"": 0.01596950334578271, ""max_depth"": 4, ""n_estimators"": 443}","{""learning_rate"": 0.22227824312530747, ""max_depth"": 7, ""n_estimators"": 120}",20
2,temperature_regression,XGBoostRegressor,3,3,-3.640705339020345,0.9287370638251818,3.640705339020345,,False,"{""learning_rate"": 0.01596950334578271, ""max_depth"": 4, ""n_estimators"": 443}","{""learning_rate"": 0.055245405728306586, ""max_depth"": 5, ""n_estimators"": 314}",20
2,temperature_regression,XGBoostRegressor,4,10,-3.748878752978475,0.986046468498473,3.748878752978475,,False,"{""learning_rate"": 0.01596950334578271, ""max_depth"": 4, ""n_estimators"": 443}","{""learning_rate"": 0.026844247528777843, ""max_depth"": 10, ""n_estimators"": 472}",20
2,temperature_regression,XGBoostRegressor,5,19,-3.8142552344254725,0.9965062134632808,3.8142552344254725,,False,"{""learning_rate"": 0.01596950334578271, ""max_depth"": 4, ""n_estimators"": 443}","{""learning_rate"": 0.18432335340553055, ""max_depth"": 10, ""n_estimators"": 230}",20
2,temperature_regression,XGBoostRegressor,6,1,-3.5455411671850734,0.898136688631275,3.5455411671850734,,True,"{""learning_rate"": 0.01596950334578271, ""max_depth"": 4, ""n_estimators"": 443}","{""learning_rate"": 0.01596950334578271, ""max_depth"": 4, ""n_estimators"": 443}",20
2,temperature_regression,XGBoostRegressor,7,17,-3.7854838563416053,0.9336427150959037,3.7854838563416053,,False,"{""learning_rate"": 0.01596950334578271, ""max_depth"": 4, ""n_estimators"": 443}","{""learning_rate"": 0.2514083658321223, ""max_depth"": 8, ""n_estimators"": 485}",20
2,temperature_regression,XGBoostRegressor,8,8,-3.7383314839524813,1.0110045257877192,3.7383314839524813,,False,"{""learning_rate"": 0.01596950334578271, ""max_depth"": 4, ""n_estimators"": 443}","{""learning_rate"": 0.06272924049005918, ""max_depth"": 7, ""n_estimators"": 260}",20
2,temperature_regression,XGBoostRegressor,9,13,-3.7676073046589655,0.9918991767910523,3.7676073046589655,,False,"{""learning_rate"": 0.01596950334578271, ""max_depth"": 4, ""n_estimators"": 443}","{""learning_rate"": 0.09823025045826593, ""max_depth"": 8, ""n_estimators"": 352}",20
2,temperature_regression,XGBoostRegressor,10,5,-3.7222614133445147,1.1363764887401346,3.7222614133445147,,False,"{""learning_rate"": 0.01596950334578271, ""max_depth"": 4, ""n_estimators"": 443}","{""learning_rate"": 0.13526405540621358, ""max_depth"": 3, ""n_estimators"": 158}",20
2,temperature_regression,XGBoostRegressor,11,11,-3.7540497575244105,0.982930720571681,3.7540497575244105,,False,"{""learning_rate"": 0.01596950334578271, ""max_depth"": 4, ""n_estimators"": 443}","{""learning_rate"": 0.1259596817974241, ""max_depth"": 10, ""n_estimators"": 287}",20
2,temperature_regression,XGBoostRegressor,12,14,-3.7684788562822824,0.9905123691776598,3.7684788562822824,,False,"{""learning_rate"": 0.01596950334578271, ""max_depth"": 4, ""n_estimators"": 443}","{""learning_rate"": 0.11624493455517058, ""max_depth"": 8, ""n_estimators"": 274}",20
2,temperature_regression,XGBoostRegressor,13,9,-3.744251917421579,1.0124423884008042,3.744251917421579,,False,"{""learning_rate"": 0.01596950334578271, ""max_depth"": 4, ""n_estimators"": 443}","{""learning_rate"": 0.1893319427065953, ""max_depth"": 6, ""n_estimators"": 154}",20
2,temperature_regression,XGBoostRegressor,14,20,-3.918038142355589,1.2022328340585924,3.918038142355589,,False,"{""learning_rate"": 0.01596950334578271, ""max_depth"": 4, ""n_estimators"": 443}","{""learning_rate"": 0.29513695688396857, ""max_depth"": 3, ""n_estimators"": 230}",20
2,temperature_regression,XGBoostRegressor,15,18,-3.796626701605297,0.9205036309662863,3.796626701605297,,False,"{""learning_rate"": 0.01596950334578271, ""max_depth"": 4, ""n_estimators"": 443}","{""learning_rate"": 0.25938271795353296, ""max_depth"": 9, ""n_estimators"": 120}",20
2,temperature_regression,XGBoostRegressor,16,4,-3.689198533863049,0.9130757351722638,3.689198533863049,,False,"{""learning_rate"": 0.01596950334578271, ""max_depth"": 4, ""n_estimators"": 443}","{""learning_rate"": 0.14064478307116746, ""max_depth"": 4, ""n_estimators"": 487}",20
2,temperature_regression,XGBoostRegressor,17,15,-3.769773503162984,0.8915750139625236,3.769773503162984,,False,"{""learning_rate"": 0.01596950334578271, ""max_depth"": 4, ""n_estimators"": 443}","{""learning_rate"": 0.28323850914860726, ""max_depth"": 8, ""n_estimators"": 341}",20
2,temperature_regression,XGBoostRegressor,18,2,-3.6343048374496747,0.8976821096262927,3.6343048374496747,,False,"{""learning_rate"": 0.01596950334578271, ""max_depth"": 4, ""n_estimators"": 443}","{""learning_rate"": 0.12177078573657565, ""max_depth"": 4, ""n_estimators"": 152}",20
2,temperature_regression,XGBoostRegressor,19,12,-3.7659115167789743,1.0444683571294389,3.7659115167789743,,False,"{""learning_rate"": 0.01596950334578271, ""max_depth"": 4, ""n_estimators"": 443}","{""learning_rate"": 0.0769592094304232, ""max_depth"": 6, ""n_estimators"": 466}",20
2,temperature_regression,XGBoostRegressor,20,6,-3.72268789356537,1.0100885587087463,3.72268789356537,,False,"{""learning_rate"": 0.01596950334578271, ""max_depth"": 4, ""n_estimators"": 443}","{""learning_rate"": 0.2081464204593829, ""max_depth"": 6, ""n_estimators"": 363}",20
2,rain_classification,LogisticRegression,1,1,0.5789152949446008,0.04804192823802424,,0.5789152949446008,True,"{""model__C"": 0.01}","{""model__C"": 0.01}",20
2,rain_classification,LogisticRegression,2,2,0.5783897169216441,0.05426529790350255,,0.5783897169216441,False,"{""model__C"": 0.01}","{""model__C"": 0.1}",20
2,rain_classification,LogisticRegression,3,5,0.5610128835175974,0.06400469444174395,,0.5610128835175974,False,"{""model__C"": 0.01}","{""model__C"": 1.0}",20
2,rain_classification,LogisticRegression,4,3,0.5630616657025802,0.06972151759021784,,0.5630616657025802,False,"{""model__C"": 0.01}","{""model__C"": 10.0}",20
2,rain_classification,LogisticRegression,5,4,0.5624081256942014,0.07026192129269022,,0.5624081256942014,False,"{""model__C"": 0.01}","{""model__C"": 100.0}",20
2,rain_classification,SVM,1,3,0.579823068725974,0.060010210116062744,,0.579823068725974,False,"{""model__C"": 10.0, ""model__kernel"": ""linear""}","{""model__C"": 0.1, ""model__kernel"": ""linear""}",20
2,rain_classification,SVM,2,5,0.5762430592326279,0.04660141294376888,,0.5762430592326279,False,"{""model__C"": 10.0, ""model__kernel"": ""linear""}","{""model__C"": 0.1, ""model__kernel"": ""rbf""}",20
2,rain_classification,SVM,3,4,0.576467974369393,0.050326225747132844,,0.576467974369393,False,"{""model__C"": 10.0, ""model__kernel"": ""linear""}","{""model__C"": 1.0, ""model__kernel"": ""linear""}",20
2,rain_classification,SVM,4,6,0.5575798322857503,0.08678119937844125,,0.5575798322857503,False,"{""model__C"": 10.0, ""model__kernel"": ""linear""}","{""model__C"": 1.0, ""model__kernel"": ""rbf""}",20
2,rain_classification,SVM,5,1,0.5831314931317156,0.04149511660017741,,0.5831314931317156,True,"{""model__C"": 10.0, ""model__kernel"": ""linear""}","{""model__C"": 10.0, ""model__kernel"": ""linear""}",20
2,rain_classification,SVM,6,7,0.532129468724073,0.05934193679077777,,0.532129468724073,False,"{""model__C"": 10.0, ""model__kernel"": ""linear""}","{""model__C"": 10.0, ""model__kernel"": ""rbf""}",20
2,rain_classification,SVM,7,2,0.5831110075888175,0.041799993374061095,,0.5831110075888175,False,"{""model__C"": 10.0, ""model__kernel"": ""linear""}","{""model__C"": 100.0, ""model__kernel"": ""linear""}",20
2,rain_classification,SVM,8,8,0.5071305909325194,0.05075986884698133,,0.5071305909325194,False,"{""model__C"": 10.0, ""model__kernel"": ""linear""}","{""model__C"": 100.0, ""model__kernel"": ""rbf""}",20
2,rain_classification,XGBoostClassifier,1,15,0.5243509591949549,0.06235957223778668,,0.5243509591949549,False,"{""learning_rate"": 0.13526405540621358, ""max_depth"": 3, ""n_estimators"": 158}","{""learning_rate"": 0.11861663446573512, ""max_depth"": 7, ""n_estimators"": 370}",20
2,rain_classification,XGBoostClassifier,2,6,0.5376190419412926,0.037595268483515284,,0.5376190419412926,False,"{""learning_rate"": 0.13526405540621358, ""max_depth"": 3, ""n_estimators"": 158}","{""learning_rate"": 0.22227824312530747, ""max_depth"": 7, ""n_estimators"": 120}",20
2,rain_classification,XGBoostClassifier,3,5,0.5381934401182231,0.05210793609084599,,0.5381934401182231,False,"{""learning_rate"": 0.13526405540621358, ""max_depth"": 3, ""n_estimators"": 158}","{""learning_rate"": 0.055245405728306586, ""max_depth"": 5, ""n_estimators"": 314}",20
2,rain_classification,XGBoostClassifier,4,16,0.5241020747596336,0.05660141160631302,,0.5241020747596336,False,"{""learning_rate"": 0.13526405540621358, ""max_depth"": 3, ""n_estimators"": 158}","{""learning_rate"": 0.026844247528777843, ""max_depth"": 10, ""n_estimators"": 472}",20
2,rain_classification,XGBoostClassifier,5,11,0.5254637663750679,0.06410136020704665,,0.5254637663750679,False,"{""learning_rate"": 0.13526405540621358, ""max_depth"": 3, ""n_estimators"": 158}","{""learning_rate"": 0.18432335340553055, ""max_depth"": 10, ""n_estimators"": 230}",20
2,rain_classification,XGBoostClassifier,6,2,0.5541595317109277,0.06216921655136565,,0.5541595317109277,False,"{""learning_rate"": 0.13526405540621358, ""max_depth"": 3, ""n_estimators"": 158}","{""learning_rate"": 0.01596950334578271, ""max_depth"": 4, ""n_estimators"": 443}",20
2,rain_classification,XGBoostClassifier,7,20,0.5130944720820562,0.05896247283282502,,0.5130944720820562,False,"{""learning_rate"": 0.13526405540621358, ""max_depth"": 3, ""n_estimators"": 158}","{""learning_rate"": 0.2514083658321223, ""max_depth"": 8, ""n_estimators"": 485}",20
2,rain_classification,XGBoostClassifier,8,13,0.5248872087781833,0.06931789482211063,,0.5248872087781833,False,"{""learning_rate"": 0.13526405540621358, ""max_depth"": 3, ""n_estimators"": 158}","{""learning_rate"": 0.06272924049005918, ""max_depth"": 7, ""n_estimators"": 260}",20
2,rain_classification,XGBoostClassifier,9,12,0.525074240128386,0.072471020760162,,0.525074240128386,False,"{""learning_rate"": 0.13526405540621358, ""max_depth"": 3, ""n_estimators"": 158}","{""learning_rate"": 0.09823025045826593, ""max_depth"": 8, ""n_estimators"": 352}",20
2,rain_classification,XGBoostClassifier,10,1,0.5569380354784339,0.05692262171698135,,0.5569380354784339,True,"{""learning_rate"": 0.13526405540621358, ""max_depth"": 3, ""n_estimators"": 158}","{""learning_rate"": 0.13526405540621358, ""max_depth"": 3, ""n_estimators"": 158}",20
2,rain_classification,XGBoostClassifier,11,10,0.5262513264892177,0.057126890833274255,,0.5262513264892177,False,"{""learning_rate"": 0.13526405540621358, ""max_depth"": 3, ""n_estimators"": 158}","{""learning_rate"": 0.1259596817974241, ""max_depth"": 10, ""n_estimators"": 287}",20
2,rain_classification,XGBoostClassifier,12,14,0.5247416535536757,0.06619317012648543,,0.5247416535536757,False,"{""learning_rate"": 0.13526405540621358, ""max_depth"": 3, ""n_estimators"": 158}","{""learning_rate"": 0.11624493455517058, ""max_depth"": 8, ""n_estimators"": 274}",20
2,rain_classification,XGBoostClassifier,13,17,0.521461483843491,0.060488889390585644,,0.521461483843491,False,"{""learning_rate"": 0.13526405540621358, ""max_depth"": 3, ""n_estimators"": 158}","{""learning_rate"": 0.1893319427065953, ""max_depth"": 6, ""n_estimators"": 154}",20
2,rain_classification,XGBoostClassifier,14,3,0.5451991248152644,0.0590448825652146,,0.5451991248152644,False,"{""learning_rate"": 0.13526405540621358, ""max_depth"": 3, ""n_estimators"": 158}","{""learning_rate"": 0.29513695688396857, ""max_depth"": 3, ""n_estimators"": 230}",20
2,rain_classification,XGBoostClassifier,15,8,0.534165948086652,0.058436832582724446,,0.534165948086652,False,"{""learning_rate"": 0.13526405540621358, ""max_depth"": 3, ""n_estimators"": 158}","{""learning_rate"": 0.25938271795353296, ""max_depth"": 9, ""n_estimators"": 120}",20
2,rain_classification,XGBoostClassifier,16,9,0.5311620578115862,0.06446059250251579,,0.5311620578115862,False,"{""learning_rate"": 0.13526405540621358, ""max_depth"": 3, ""n_estimators"": 158}","{""learning_rate"": 0.14064478307116746, ""max_depth"": 4, ""n_estimators"": 487}",20
2,rain_classification,XGBoostClassifier,17,18,0.5212289895116097,0.07492947457748408,,0.5212289895116097,False,"{""learning_rate"": 0.13526405540621358, ""max_depth"": 3, ""n_estimators"": 158}","{""learning_rate"": 0.28323850914860726, ""max_depth"": 8, ""n_estimators"": 341}",20
2,rain_classification,XGBoostClassifier,18,4,0.5432165316093127,0.04997934007900036,,0.5432165316093127,False,"{""learning_rate"": 0.13526405540621358, ""max_depth"": 3, ""n_estimators"": 158}","{""learning_rate"": 0.12177078573657565, ""max_depth"": 4, ""n_estimators"": 152}",20
2,rain_classification,XGBoostClassifier,19,7,0.5367834375550823,0.05754410504207967,,0.5367834375550823,False,"{""learning_rate"": 0.13526405540621358, ""max_depth"": 3, ""n_estimators"": 158}","{""learning_rate"": 0.0769592094304232, ""max_depth"": 6, ""n_estimators"": 466}",20
2,rain_classification,XGBoostClassifier,20,19,0.5146521313914572,0.07603296865485693,,0.5146521313914572,False,"{""learning_rate"": 0.13526405540621358, ""max_depth"": 3, ""n_estimators"": 158}","{""learning_rate"": 0.2081464204593829, ""max_depth"": 6, ""n_estimators"": 363}",20
3,temperature_regression,LinearRegression,1,1,,,,,True,StandardScaler + LinearRegression,StandardScaler + LinearRegression,20
3,temperature_regression,KNNRegressor,1,18,-4.148178270761588,0.7826053118746832,4.148178270761588,,False,"{""model__n_neighbors"": 24, ""model__weights"": ""uniform""}","{""model__n_neighbors"": 9, ""model__weights"": ""distance""}",20
3,temperature_regression,KNNRegressor,2,10,-4.066882690112115,0.803559180571479,4.066882690112115,,False,"{""model__n_neighbors"": 24, ""model__weights"": ""uniform""}","{""model__n_neighbors"": 17, ""model__weights"": ""uniform""}",20
3,temperature_regression,KNNRegressor,3,17,-4.138130830857486,0.7867783821328006,4.138130830857486,,False,"{""model__n_neighbors"": 24, ""model__weights"": ""uniform""}","{""model__n_neighbors"": 10, ""model__weights"": ""uniform""}",20
3,temperature_regression,KNNRegressor,4,4,-4.027969167879595,0.8060046187970629,4.027969167879595,,False,"{""model__n_neighbors"": 24, ""model__weights"": ""uniform""}","{""model__n_neighbors"": 23, ""model__weights"": ""uniform""}",20
3,temperature_regression,KNNRegressor,5,6,-4.042053497319774,0.8073227395368168,4.042053497319774,,False,"{""model__n_neighbors"": 24, ""model__weights"": ""uniform""}","{""model__n_neighbors"": 21, ""model__weights"": ""uniform""}",20
3,temperature_regression,KNNRegressor,6,15,-4.116100599277475,0.7845533602427601,4.116100599277475,,False,"{""model__n_neighbors"": 24, ""model__weights"": ""uniform""}","{""model__n_neighbors"": 13, ""model__weights"": ""uniform""}",20
3,temperature_regression,KNNRegressor,7,2,-4.024054037744013,0.8051390784614599,4.024054037744013,,False,"{""model__n_neighbors"": 24, ""model__weights"": ""uniform""}","{""model__n_neighbors"": 23, ""model__weights"": ""distance""}",20
3,temperature_regression,KNNRegressor,8,16,-4.131084434702278,0.7876402397629106,4.131084434702278,,False,"{""model__n_neighbors"": 24, ""model__weights"": ""uniform""}","{""model__n_neighbors"": 10, ""model__weights"": ""distance""}",20
3,temperature_regression,KNNRegressor,9,20,-4.261430405282406,0.801477012813767,4.261430405282406,,False,"{""model__n_neighbors"": 24, ""model__weights"": ""uniform""}","{""model__n_neighbors"": 5, ""model__weights"": ""distance""}",20
3,temperature_regression,KNNRegressor,10,2,-4.024054037744013,0.8051390784614599,4.024054037744013,,False,"{""model__n_neighbors"": 24, ""model__weights"": ""uniform""}","{""model__n_neighbors"": 23, ""model__weights"": ""distance""}",20
3,temperature_regression,KNNRegressor,11,11,-4.101453956530355,0.7837244580940389,4.101453956530355,,False,"{""model__n_neighbors"": 24, ""model__weights"": ""uniform""}","{""model__n_neighbors"": 14, ""model__weights"": ""distance""}",20
3,temperature_regression,KNNRegressor,12,19,-4.154494226946664,0.7844178501293512,4.154494226946664,,False,"{""model__n_neighbors"": 24, ""model__weights"": ""uniform""}","{""model__n_neighbors"": 8, ""model__weights"": ""distance""}",20
3,temperature_regression,KNNRegressor,13,4,-4.027969167879595,0.8060046187970629,4.027969167879595,,False,"{""model__n_neighbors"": 24, ""model__weights"": ""uniform""}","{""model__n_neighbors"": 23, ""model__weights"": ""uniform""}",20
3,temperature_regression,KNNRegressor,14,11,-4.101453956530355,0.7837244580940389,4.101453956530355,,False,"{""model__n_neighbors"": 24, ""model__weights"": ""uniform""}","{""model__n_neighbors"": 14, ""model__weights"": ""distance""}",20
3,temperature_regression,KNNRegressor,15,1,-4.0217020287954455,0.8121044269913091,4.0217020287954455,,True,"{""model__n_neighbors"": 24, ""model__weights"": ""uniform""}","{""model__n_neighbors"": 24, ""model__weights"": ""uniform""}",20
3,temperature_regression,KNNRegressor,16,13,-4.10834718869637,0.7817801175119091,4.10834718869637,,False,"{""model__n_neighbors"": 24, ""model__weights"": ""uniform""}","{""model__n_neighbors"": 14, ""model__weights"": ""uniform""}",20
3,temperature_regression,KNNRegressor,17,9,-4.061998729549125,0.7999852673360823,4.061998729549125,,False,"{""model__n_neighbors"": 24, ""model__weights"": ""uniform""}","{""model__n_neighbors"": 19, ""model__weights"": ""uniform""}",20
3,temperature_regression,KNNRegressor,18,14,-4.11492287765982,0.787401432655334,4.11492287765982,,False,"{""model__n_neighbors"": 24, ""model__weights"": ""uniform""}","{""model__n_neighbors"": 12, ""model__weights"": ""distance""}",20
3,temperature_regression,KNNRegressor,19,7,-4.060802845012262,0.8011778321491345,4.060802845012262,,False,"{""model__n_neighbors"": 24, ""model__weights"": ""uniform""}","{""model__n_neighbors"": 18, ""model__weights"": ""uniform""}",20
3,temperature_regression,KNNRegressor,20,8,-4.061556867638168,0.8025765959882792,4.061556867638168,,False,"{""model__n_neighbors"": 24, ""model__weights"": ""uniform""}","{""model__n_neighbors"": 17, ""model__weights"": ""distance""}",20
3,temperature_regression,XGBoostRegressor,1,15,-4.198162087177214,1.379603925592185,4.198162087177214,,False,"{""learning_rate"": 0.01596950334578271, ""max_depth"": 4, ""n_estimators"": 443}","{""learning_rate"": 0.11861663446573512, ""max_depth"": 7, ""n_estimators"": 370}",20
3,temperature_regression,XGBoostRegressor,2,17,-4.2164896369650045,1.238360490221512,4.2164896369650045,,False,"{""learning_rate"": 0.01596950334578271, ""max_depth"": 4, ""n_estimators"": 443}","{""learning_rate"": 0.22227824312530747, ""max_depth"": 7, ""n_estimators"": 120}",20
3,temperature_regression,XGBoostRegressor,3,5,-4.130044413630445,1.3073043491676943,4.130044413630445,,False,"{""learning_rate"": 0.01596950334578271, ""max_depth"": 4, ""n_estimators"": 443}","{""learning_rate"": 0.055245405728306586, ""max_depth"": 5, ""n_estimators"": 314}",20
3,temperature_regression,XGBoostRegressor,4,14,-4.196176727206522,1.3447398434043842,4.196176727206522,,False,"{""learning_rate"": 0.01596950334578271, ""max_depth"": 4, ""n_estimators"": 443}","{""learning_rate"": 0.026844247528777843, ""max_depth"": 10, ""n_estimators"": 472}",20
3,temperature_regression,XGBoostRegressor,5,11,-4.171848126656968,1.243137937039062,4.171848126656968,,False,"{""learning_rate"": 0.01596950334578271, ""max_depth"": 4, ""n_estimators"": 443}","{""learning_rate"": 0.18432335340553055, ""max_depth"": 10, ""n_estimators"": 230}",20
3,temperature_regression,XGBoostRegressor,6,1,-3.9878262000049753,1.222708173661119,3.9878262000049753,,True,"{""learning_rate"": 0.01596950334578271, ""max_depth"": 4, ""n_estimators"": 443}","{""learning_rate"": 0.01596950334578271, ""max_depth"": 4, ""n_estimators"": 443}",20
3,temperature_regression,XGBoostRegressor,7,18,-4.21750021809187,1.3420034275673853,4.21750021809187,,False,"{""learning_rate"": 0.01596950334578271, ""max_depth"": 4, ""n_estimators"": 443}","{""learning_rate"": 0.2514083658321223, ""max_depth"": 8, ""n_estimators"": 485}",20
3,temperature_regression,XGBoostRegressor,8,8,-4.152043217592924,1.3310327442536618,4.152043217592924,,False,"{""learning_rate"": 0.01596950334578271, ""max_depth"": 4, ""n_estimators"": 443}","{""learning_rate"": 0.06272924049005918, ""max_depth"": 7, ""n_estimators"": 260}",20
3,temperature_regression,XGBoostRegressor,9,7,-4.136730758438201,1.3310820867713204,4.136730758438201,,False,"{""learning_rate"": 0.01596950334578271, ""max_depth"": 4, ""n_estimators"": 443}","{""learning_rate"": 0.09823025045826593, ""max_depth"": 8, ""n_estimators"": 352}",20
3,temperature_regression,XGBoostRegressor,10,2,-4.0143425756233295,1.229984220964739,4.0143425756233295,,False,"{""learning_rate"": 0.01596950334578271, ""max_depth"": 4, ""n_estimators"": 443}","{""learning_rate"": 0.13526405540621358, ""max_depth"": 3, ""n_estimators"": 158}",20
3,temperature_regression,XGBoostRegressor,11,13,-4.194415913692036,1.3158298360940002,4.194415913692036,,False,"{""learning_rate"": 0.01596950334578271, ""max_depth"": 4, ""n_estimators"": 443}","{""learning_rate"": 0.1259596817974241, ""max_depth"": 10, ""n_estimators"": 287}",20
3,temperature_regression,XGBoostRegressor,12,10,-4.165773572406918,1.3680058443583025,4.165773572406918,,False,"{""learning_rate"": 0.01596950334578271, ""max_depth"": 4, ""n_estimators"": 443}","{""learning_rate"": 0.11624493455517058, ""max_depth"": 8, ""n_estimators"": 274}",20
3,temperature_regression,XGBoostRegressor,13,4,-4.123603478818475,1.156962628441954,4.123603478818475,,False,"{""learning_rate"": 0.01596950334578271, ""max_depth"": 4, ""n_estimators"": 443}","{""learning_rate"": 0.1893319427065953, ""max_depth"": 6, ""n_estimators"": 154}",20
3,temperature_regression,XGBoostRegressor,14,20,-4.289727756447424,1.280270735150287,4.289727756447424,,False,"{""learning_rate"": 0.01596950334578271, ""max_depth"": 4, ""n_estimators"": 443}","{""learning_rate"": 0.29513695688396857, ""max_depth"": 3, ""n_estimators"": 230}",20
3,temperature_regression,XGBoostRegressor,15,12,-4.1850776496514435,1.23521990288197,4.1850776496514435,,False,"{""learning_rate"": 0.01596950334578271, ""max_depth"": 4, ""n_estimators"": 443}","{""learning_rate"": 0.25938271795353296, ""max_depth"": 9, ""n_estimators"": 120}",20
3,temperature_regression,XGBoostRegressor,16,9,-4.155559408329054,1.1497151365849756,4.155559408329054,,False,"{""learning_rate"": 0.01596950334578271, ""max_depth"": 4, ""n_estimators"": 443}","{""learning_rate"": 0.14064478307116746, ""max_depth"": 4, ""n_estimators"": 487}",20
3,temperature_regression,XGBoostRegressor,17,19,-4.286780758198389,1.3622404539070487,4.286780758198389,,False,"{""learning_rate"": 0.01596950334578271, ""max_depth"": 4, ""n_estimators"": 443}","{""learning_rate"": 0.28323850914860726, ""max_depth"": 8, ""n_estimators"": 341}",20
3,temperature_regression,XGBoostRegressor,18,3,-4.066748409411742,1.2199357007865987,4.066748409411742,,False,"{""learning_rate"": 0.01596950334578271, ""max_depth"": 4, ""n_estimators"": 443}","{""learning_rate"": 0.12177078573657565, ""max_depth"": 4, ""n_estimators"": 152}",20
3,temperature_regression,XGBoostRegressor,19,6,-4.130282836336493,1.2910053083580726,4.130282836336493,,False,"{""learning_rate"": 0.01596950334578271, ""max_depth"": 4, ""n_estimators"": 443}","{""learning_rate"": 0.0769592094304232, ""max_depth"": 6, ""n_estimators"": 466}",20
3,temperature_regression,XGBoostRegressor,20,16,-4.209109495728454,1.227962642070655,4.209109495728454,,False,"{""learning_rate"": 0.01596950334578271, ""max_depth"": 4, ""n_estimators"": 443}","{""learning_rate"": 0.2081464204593829, ""max_depth"": 6, ""n_estimators"": 363}",20
3,rain_classification,LogisticRegression,1,1,0.5615163582333249,0.07353869858318841,,0.5615163582333249,True,"{""model__C"": 0.01}","{""model__C"": 0.01}",20
3,rain_classification,LogisticRegression,2,2,0.5500176369514435,0.08205534438139726,,0.5500176369514435,False,"{""model__C"": 0.01}","{""model__C"": 0.1}",20
3,rain_classification,LogisticRegression,3,3,0.545668169912466,0.07928044592371704,,0.545668169912466,False,"{""model__C"": 0.01}","{""model__C"": 1.0}",20
3,rain_classification,LogisticRegression,4,4,0.5449937478882692,0.08187327255954804,,0.5449937478882692,False,"{""model__C"": 0.01}","{""model__C"": 10.0}",20
3,rain_classification,LogisticRegression,5,5,0.5419108165942872,0.08133984819897504,,0.5419108165942872,False,"{""model__C"": 0.01}","{""model__C"": 100.0}",20
3,rain_classification,SVM,1,1,0.5543833345521628,0.07384554844714476,,0.5543833345521628,True,"{""model__C"": 0.1, ""model__kernel"": ""linear""}","{""model__C"": 0.1, ""model__kernel"": ""linear""}",20
3,rain_classification,SVM,2,4,0.546419138602116,0.06854148638280082,,0.546419138602116,False,"{""model__C"": 0.1, ""model__kernel"": ""linear""}","{""model__C"": 0.1, ""model__kernel"": ""rbf""}",20
3,rain_classification,SVM,3,3,0.5489810204968542,0.08206523306831297,,0.5489810204968542,False,"{""model__C"": 0.1, ""model__kernel"": ""linear""}","{""model__C"": 1.0, ""model__kernel"": ""linear""}",20
3,rain_classification,SVM,4,5,0.5421631233981007,0.07326511097710334,,0.5421631233981007,False,"{""model__C"": 0.1, ""model__kernel"": ""linear""}","{""model__C"": 1.0, ""model__kernel"": ""rbf""}",20
3,rain_classification,SVM,5,2,0.5490835708843513,0.07635620707082823,,0.5490835708843513,False,"{""model__C"": 0.1, ""model__kernel"": ""linear""}","{""model__C"": 10.0, ""model__kernel"": ""linear""}",20
3,rain_classification,SVM,6,7,0.5230754955367065,0.05818063202640443,,0.5230754955367065,False,"{""model__C"": 0.1, ""model__kernel"": ""linear""}","{""model__C"": 10.0, ""model__kernel"": ""rbf""}",20
3,rain_classification,SVM,7,6,0.5343316856888054,0.07990324310699691,,0.5343316856888054,False,"{""model__C"": 0.1, ""model__kernel"": ""linear""}","{""model__C"": 100.0, ""model__kernel"": ""linear""}",20
3,rain_classification,SVM,8,8,0.48995575198527586,0.06633542009023345,,0.48995575198527586,False,"{""model__C"": 0.1, ""model__kernel"": ""linear""}","{""model__C"": 100.0, ""model__kernel"": ""rbf""}",20
3,rain_classification,XGBoostClassifier,1,18,0.5064708816977375,0.03794775560426802,,0.5064708816977375,False,"{""learning_rate"": 0.01596950334578271, ""max_depth"": 4, ""n_estimators"": 443}","{""learning_rate"": 0.11861663446573512, ""max_depth"": 7, ""n_estimators"": 370}",20
3,rain_classification,XGBoostClassifier,2,5,0.5261555653864061,0.03029495905723345,,0.5261555653864061,False,"{""learning_rate"": 0.01596950334578271, ""max_depth"": 4, ""n_estimators"": 443}","{""learning_rate"": 0.22227824312530747, ""max_depth"": 7, ""n_estimators"": 120}",20
3,rain_classification,XGBoostClassifier,3,13,0.5129174727691937,0.035077259897649135,,0.5129174727691937,False,"{""learning_rate"": 0.01596950334578271, ""max_depth"": 4, ""n_estimators"": 443}","{""learning_rate"": 0.055245405728306586, ""max_depth"": 5, ""n_estimators"": 314}",20
3,rain_classification,XGBoostClassifier,4,3,0.5326861537571175,0.025271497864196784,,0.5326861537571175,False,"{""learning_rate"": 0.01596950334578271, ""max_depth"": 4, ""n_estimators"": 443}","{""learning_rate"": 0.026844247528777843, ""max_depth"": 10, ""n_estimators"": 472}",20
3,rain_classification,XGBoostClassifier,5,12,0.5139263047172771,0.03685659852442722,,0.5139263047172771,False,"{""learning_rate"": 0.01596950334578271, ""max_depth"": 4, ""n_estimators"": 443}","{""learning_rate"": 0.18432335340553055, ""max_depth"": 10, ""n_estimators"": 230}",20
3,rain_classification,XGBoostClassifier,6,1,0.5445574900064944,0.04284242097012108,,0.5445574900064944,True,"{""learning_rate"": 0.01596950334578271, ""max_depth"": 4, ""n_estimators"": 443}","{""learning_rate"": 0.01596950334578271, ""max_depth"": 4, ""n_estimators"": 443}",20
3,rain_classification,XGBoostClassifier,7,7,0.5174903658984992,0.062073386154404796,,0.5174903658984992,False,"{""learning_rate"": 0.01596950334578271, ""max_depth"": 4, ""n_estimators"": 443}","{""learning_rate"": 0.2514083658321223, ""max_depth"": 8, ""n_estimators"": 485}",20
3,rain_classification,XGBoostClassifier,8,14,0.5111071062578761,0.037040601253682436,,0.5111071062578761,False,"{""learning_rate"": 0.01596950334578271, ""max_depth"": 4, ""n_estimators"": 443}","{""learning_rate"": 0.06272924049005918, ""max_depth"": 7, ""n_estimators"": 260}",20
3,rain_classification,XGBoostClassifier,9,15,0.5088542389384209,0.03412207468205577,,0.5088542389384209,False,"{""learning_rate"": 0.01596950334578271, ""max_depth"": 4, ""n_estimators"": 443}","{""learning_rate"": 0.09823025045826593, ""max_depth"": 8, ""n_estimators"": 352}",20
3,rain_classification,XGBoostClassifier,10,2,0.5440197329847116,0.05025160418985713,,0.5440197329847116,False,"{""learning_rate"": 0.01596950334578271, ""max_depth"": 4, ""n_estimators"": 443}","{""learning_rate"": 0.13526405540621358, ""max_depth"": 3, ""n_estimators"": 158}",20
3,rain_classification,XGBoostClassifier,11,19,0.5063175287395258,0.03724972197751577,,0.5063175287395258,False,"{""learning_rate"": 0.01596950334578271, ""max_depth"": 4, ""n_estimators"": 443}","{""learning_rate"": 0.1259596817974241, ""max_depth"": 10, ""n_estimators"": 287}",20
3,rain_classification,XGBoostClassifier,12,9,0.5160583682013701,0.02894948033386287,,0.5160583682013701,False,"{""learning_rate"": 0.01596950334578271, ""max_depth"": 4, ""n_estimators"": 443}","{""learning_rate"": 0.11624493455517058, ""max_depth"": 8, ""n_estimators"": 274}",20
3,rain_classification,XGBoostClassifier,13,10,0.5157676345664517,0.04549111239335746,,0.5157676345664517,False,"{""learning_rate"": 0.01596950334578271, ""max_depth"": 4, ""n_estimators"": 443}","{""learning_rate"": 0.1893319427065953, ""max_depth"": 6, ""n_estimators"": 154}",20
3,rain_classification,XGBoostClassifier,14,8,0.5166313215024894,0.05428862898252767,,0.5166313215024894,False,"{""learning_rate"": 0.01596950334578271, ""max_depth"": 4, ""n_estimators"": 443}","{""learning_rate"": 0.29513695688396857, ""max_depth"": 3, ""n_estimators"": 230}",20
3,rain_classification,XGBoostClassifier,15,4,0.5285663853055158,0.03359402433756114,,0.5285663853055158,False,"{""learning_rate"": 0.01596950334578271, ""max_depth"": 4, ""n_estimators"": 443}","{""learning_rate"": 0.25938271795353296, ""max_depth"": 9, ""n_estimators"": 120}",20
3,rain_classification,XGBoostClassifier,16,20,0.5055630222914719,0.04369209836506554,,0.5055630222914719,False,"{""learning_rate"": 0.01596950334578271, ""max_depth"": 4, ""n_estimators"": 443}","{""learning_rate"": 0.14064478307116746, ""max_depth"": 4, ""n_estimators"": 487}",20
3,rain_classification,XGBoostClassifier,17,16,0.5075353675659385,0.0515693173757313,,0.5075353675659385,False,"{""learning_rate"": 0.01596950334578271, ""max_depth"": 4, ""n_estimators"": 443}","{""learning_rate"": 0.28323850914860726, ""max_depth"": 8, ""n_estimators"": 341}",20
3,rain_classification,XGBoostClassifier,18,11,0.5149021015845661,0.031275656600011796,,0.5149021015845661,False,"{""learning_rate"": 0.01596950334578271, ""max_depth"": 4, ""n_estimators"": 443}","{""learning_rate"": 0.12177078573657565, ""max_depth"": 4, ""n_estimators"": 152}",20
3,rain_classification,XGBoostClassifier,19,6,0.5204876804887616,0.038801199253635184,,0.5204876804887616,False,"{""learning_rate"": 0.01596950334578271, ""max_depth"": 4, ""n_estimators"": 443}","{""learning_rate"": 0.0769592094304232, ""max_depth"": 6, ""n_estimators"": 466}",20
3,rain_classification,XGBoostClassifier,20,17,0.5071848588181891,0.03824761779939322,,0.5071848588181891,False,"{""learning_rate"": 0.01596950334578271, ""max_depth"": 4, ""n_estimators"": 443}","{""learning_rate"": 0.2081464204593829, ""max_depth"": 6, ""n_estimators"": 363}",20
4,temperature_regression,LinearRegression,1,1,,,,,True,StandardScaler + LinearRegression,StandardScaler + LinearRegression,20
4,temperature_regression,KNNRegressor,1,18,-4.256788337710425,0.8095839218377783,4.256788337710425,,False,"{""model__n_neighbors"": 24, ""model__weights"": ""uniform""}","{""model__n_neighbors"": 9, ""model__weights"": ""distance""}",20
4,temperature_regression,KNNRegressor,2,10,-4.165746730356739,0.8347045516807845,4.165746730356739,,False,"{""model__n_neighbors"": 24, ""model__weights"": ""uniform""}","{""model__n_neighbors"": 17, ""model__weights"": ""uniform""}",20
4,temperature_regression,KNNRegressor,3,17,-4.243483806423881,0.8202252020933994,4.243483806423881,,False,"{""model__n_neighbors"": 24, ""model__weights"": ""uniform""}","{""model__n_neighbors"": 10, ""model__weights"": ""uniform""}",20
4,temperature_regression,KNNRegressor,4,4,-4.124332762242809,0.8359251907883688,4.124332762242809,,False,"{""model__n_neighbors"": 24, ""model__weights"": ""uniform""}","{""model__n_neighbors"": 23, ""model__weights"": ""uniform""}",20
4,temperature_regression,KNNRegressor,5,6,-4.138121866437267,0.8394876978955179,4.138121866437267,,False,"{""model__n_neighbors"": 24, ""model__weights"": ""uniform""}","{""model__n_neighbors"": 21, ""model__weights"": ""uniform""}",20
4,temperature_regression,KNNRegressor,6,14,-4.212639203632557,0.8330719217965845,4.212639203632557,,False,"{""model__n_neighbors"": 24, ""model__weights"": ""uniform""}","{""model__n_neighbors"": 13, ""model__weights"": ""uniform""}",20
4,temperature_regression,KNNRegressor,7,2,-4.122206190675959,0.8337585699493482,4.122206190675959,,False,"{""model__n_neighbors"": 24, ""model__weights"": ""uniform""}","{""model__n_neighbors"": 23, ""model__weights"": ""distance""}",20
4,temperature_regression,KNNRegressor,8,16,-4.240299642391455,0.8204121347906801,4.240299642391455,,False,"{""model__n_neighbors"": 24, ""model__weights"": ""uniform""}","{""model__n_neighbors"": 10, ""model__weights"": ""distance""}",20
4,temperature_regression,KNNRegressor,9,20,-4.366560348799499,0.8541825504116284,4.366560348799499,,False,"{""model__n_neighbors"": 24, ""model__weights"": ""uniform""}","{""model__n_neighbors"": 5, ""model__weights"": ""distance""}",20
4,temperature_regression,KNNRegressor,10,2,-4.122206190675959,0.8337585699493482,4.122206190675959,,False,"{""model__n_neighbors"": 24, ""model__weights"": ""uniform""}","{""model__n_neighbors"": 23, ""model__weights"": ""distance""}",20
4,temperature_regression,KNNRegressor,11,11,-4.2025890350815915,0.838225260553337,4.2025890350815915,,False,"{""model__n_neighbors"": 24, ""model__weights"": ""uniform""}","{""model__n_neighbors"": 14, ""model__weights"": ""distance""}",20
4,temperature_regression,KNNRegressor,12,19,-4.2777625731125575,0.825569825518057,4.2777625731125575,,False,"{""model__n_neighbors"": 24, ""model__weights"": ""uniform""}","{""model__n_neighbors"": 8, ""model__weights"": ""distance""}",20
4,temperature_regression,KNNRegressor,13,4,-4.124332762242809,0.8359251907883688,4.124332762242809,,False,"{""model__n_neighbors"": 24, ""model__weights"": ""uniform""}","{""model__n_neighbors"": 23, ""model__weights"": ""uniform""}",20
4,temperature_regression,KNNRegressor,14,11,-4.2025890350815915,0.838225260553337,4.2025890350815915,,False,"{""model__n_neighbors"": 24, ""model__weights"": ""uniform""}","{""model__n_neighbors"": 14, ""model__weights"": ""distance""}",20
4,temperature_regression,KNNRegressor,15,1,-4.115331201700454,0.8344588869636991,4.115331201700454,,True,"{""model__n_neighbors"": 24, ""model__weights"": ""uniform""}","{""model__n_neighbors"": 24, ""model__weights"": ""uniform""}",20
4,temperature_regression,KNNRegressor,16,13,-4.206727254399462,0.838837590351038,4.206727254399462,,False,"{""model__n_neighbors"": 24, ""model__weights"": ""uniform""}","{""model__n_neighbors"": 14, ""model__weights"": ""uniform""}",20
4,temperature_regression,KNNRegressor,17,8,-4.159269140611913,0.8353260124907262,4.159269140611913,,False,"{""model__n_neighbors"": 24, ""model__weights"": ""uniform""}","{""model__n_neighbors"": 19, ""model__weights"": ""uniform""}",20
4,temperature_regression,KNNRegressor,18,15,-4.217262023902911,0.8348410535063494,4.217262023902911,,False,"{""model__n_neighbors"": 24, ""model__weights"": ""uniform""}","{""model__n_neighbors"": 12, ""model__weights"": ""distance""}",20
4,temperature_regression,KNNRegressor,19,7,-4.158481068890252,0.8308829034188001,4.158481068890252,,False,"{""model__n_neighbors"": 24, ""model__weights"": ""uniform""}","{""model__n_neighbors"": 18, ""model__weights"": ""uniform""}",20
4,temperature_regression,KNNRegressor,20,9,-4.163069647725594,0.8329349047427963,4.163069647725594,,False,"{""model__n_neighbors"": 24, ""model__weights"": ""uniform""}","{""model__n_neighbors"": 17, ""model__weights"": ""distance""}",20
4,temperature_regression,XGBoostRegressor,1,6,-4.240303525445179,1.4359356248542774,4.240303525445179,,False,"{""learning_rate"": 0.01596950334578271, ""max_depth"": 4, ""n_estimators"": 443}","{""learning_rate"": 0.11861663446573512, ""max_depth"": 7, ""n_estimators"": 370}",20
4,temperature_regression,XGBoostRegressor,2,14,-4.309725358499287,1.3629968745242884,4.309725358499287,,False,"{""learning_rate"": 0.01596950334578271, ""max_depth"": 4, ""n_estimators"": 443}","{""learning_rate"": 0.22227824312530747, ""max_depth"": 7, ""n_estimators"": 120}",20
4,temperature_regression,XGBoostRegressor,3,4,-4.18377153632577,1.3618138418290406,4.18377153632577,,False,"{""learning_rate"": 0.01596950334578271, ""max_depth"": 4, ""n_estimators"": 443}","{""learning_rate"": 0.055245405728306586, ""max_depth"": 5, ""n_estimators"": 314}",20
4,temperature_regression,XGBoostRegressor,4,10,-4.283510455982404,1.3855768608638415,4.283510455982404,,False,"{""learning_rate"": 0.01596950334578271, ""max_depth"": 4, ""n_estimators"": 443}","{""learning_rate"": 0.026844247528777843, ""max_depth"": 10, ""n_estimators"": 472}",20
4,temperature_regression,XGBoostRegressor,5,15,-4.3111294166918395,1.3884752860959741,4.3111294166918395,,False,"{""learning_rate"": 0.01596950334578271, ""max_depth"": 4, ""n_estimators"": 443}","{""learning_rate"": 0.18432335340553055, ""max_depth"": 10, ""n_estimators"": 230}",20
4,temperature_regression,XGBoostRegressor,6,1,-4.137820682993679,1.4133089063743258,4.137820682993679,,True,"{""learning_rate"": 0.01596950334578271, ""max_depth"": 4, ""n_estimators"": 443}","{""learning_rate"": 0.01596950334578271, ""max_depth"": 4, ""n_estimators"": 443}",20
4,temperature_regression,XGBoostRegressor,7,16,-4.3115160211925145,1.3667528488625937,4.3115160211925145,,False,"{""learning_rate"": 0.01596950334578271, ""max_depth"": 4, ""n_estimators"": 443}","{""learning_rate"": 0.2514083658321223, ""max_depth"": 8, ""n_estimators"": 485}",20
4,temperature_regression,XGBoostRegressor,8,7,-4.246168150020346,1.4250856188258825,4.246168150020346,,False,"{""learning_rate"": 0.01596950334578271, ""max_depth"": 4, ""n_estimators"": 443}","{""learning_rate"": 0.06272924049005918, ""max_depth"": 7, ""n_estimators"": 260}",20
4,temperature_regression,XGBoostRegressor,9,11,-4.2913208804924725,1.4511611350838622,4.2913208804924725,,False,"{""learning_rate"": 0.01596950334578271, ""max_depth"": 4, ""n_estimators"": 443}","{""learning_rate"": 0.09823025045826593, ""max_depth"": 8, ""n_estimators"": 352}",20
4,temperature_regression,XGBoostRegressor,10,3,-4.165465571505175,1.402706554299304,4.165465571505175,,False,"{""learning_rate"": 0.01596950334578271, ""max_depth"": 4, ""n_estimators"": 443}","{""learning_rate"": 0.13526405540621358, ""max_depth"": 3, ""n_estimators"": 158}",20
4,temperature_regression,XGBoostRegressor,11,17,-4.313480008572239,1.3828826374399794,4.313480008572239,,False,"{""learning_rate"": 0.01596950334578271, ""max_depth"": 4, ""n_estimators"": 443}","{""learning_rate"": 0.1259596817974241, ""max_depth"": 10, ""n_estimators"": 287}",20
4,temperature_regression,XGBoostRegressor,12,13,-4.304747647686694,1.425776133284428,4.304747647686694,,False,"{""learning_rate"": 0.01596950334578271, ""max_depth"": 4, ""n_estimators"": 443}","{""learning_rate"": 0.11624493455517058, ""max_depth"": 8, ""n_estimators"": 274}",20
4,temperature_regression,XGBoostRegressor,13,19,-4.350594565417119,1.4180057313866583,4.350594565417119,,False,"{""learning_rate"": 0.01596950334578271, ""max_depth"": 4, ""n_estimators"": 443}","{""learning_rate"": 0.1893319427065953, ""max_depth"": 6, ""n_estimators"": 154}",20
4,temperature_regression,XGBoostRegressor,14,5,-4.207843943452733,1.2212491248923063,4.207843943452733,,False,"{""learning_rate"": 0.01596950334578271, ""max_depth"": 4, ""n_estimators"": 443}","{""learning_rate"": 0.29513695688396857, ""max_depth"": 3, ""n_estimators"": 230}",20
4,temperature_regression,XGBoostRegressor,15,18,-4.33642435740394,1.4462768407635072,4.33642435740394,,False,"{""learning_rate"": 0.01596950334578271, ""max_depth"": 4, ""n_estimators"": 443}","{""learning_rate"": 0.25938271795353296, ""max_depth"": 9, ""n_estimators"": 120}",20
4,temperature_regression,XGBoostRegressor,16,9,-4.267693643391188,1.3459282399196406,4.267693643391188,,False,"{""learning_rate"": 0.01596950334578271, ""max_depth"": 4, ""n_estimators"": 443}","{""learning_rate"": 0.14064478307116746, ""max_depth"": 4, ""n_estimators"": 487}",20
4,temperature_regression,XGBoostRegressor,17,20,-4.351227746590294,1.4444720165750629,4.351227746590294,,False,"{""learning_rate"": 0.01596950334578271, ""max_depth"": 4, ""n_estimators"": 443}","{""learning_rate"": 0.28323850914860726, ""max_depth"": 8, ""n_estimators"": 341}",20
4,temperature_regression,XGBoostRegressor,18,2,-4.1614476002437515,1.269773408248332,4.1614476002437515,,False,"{""learning_rate"": 0.01596950334578271, ""max_depth"": 4, ""n_estimators"": 443}","{""learning_rate"": 0.12177078573657565, ""max_depth"": 4, ""n_estimators"": 152}",20
4,temperature_regression,XGBoostRegressor,19,8,-4.262972750507726,1.3894639118645997,4.262972750507726,,False,"{""learning_rate"": 0.01596950334578271, ""max_depth"": 4, ""n_estimators"": 443}","{""learning_rate"": 0.0769592094304232, ""max_depth"": 6, ""n_estimators"": 466}",20
4,temperature_regression,XGBoostRegressor,20,12,-4.293345539064459,1.3885488609169183,4.293345539064459,,False,"{""learning_rate"": 0.01596950334578271, ""max_depth"": 4, ""n_estimators"": 443}","{""learning_rate"": 0.2081464204593829, ""max_depth"": 6, ""n_estimators"": 363}",20
4,rain_classification,LogisticRegression,1,1,0.5457898411783324,0.08654180462713225,,0.5457898411783324,True,"{""model__C"": 0.01}","{""model__C"": 0.01}",20
4,rain_classification,LogisticRegression,2,2,0.5426419467629062,0.09349249397773485,,0.5426419467629062,False,"{""model__C"": 0.01}","{""model__C"": 0.1}",20
4,rain_classification,LogisticRegression,3,3,0.535968256175454,0.0981647575308949,,0.535968256175454,False,"{""model__C"": 0.01}","{""model__C"": 1.0}",20
4,rain_classification,LogisticRegression,4,5,0.5269936105373312,0.09185582446040504,,0.5269936105373312,False,"{""model__C"": 0.01}","{""model__C"": 10.0}",20
4,rain_classification,LogisticRegression,5,4,0.5278175439041731,0.08894916678908274,,0.5278175439041731,False,"{""model__C"": 0.01}","{""model__C"": 100.0}",20
4,rain_classification,SVM,1,1,0.5565197328788216,0.0809782701592126,,0.5565197328788216,True,"{""model__C"": 0.1, ""model__kernel"": ""linear""}","{""model__C"": 0.1, ""model__kernel"": ""linear""}",20
4,rain_classification,SVM,2,5,0.5472032054267538,0.08322048528578775,,0.5472032054267538,False,"{""model__C"": 0.1, ""model__kernel"": ""linear""}","{""model__C"": 0.1, ""model__kernel"": ""rbf""}",20
4,rain_classification,SVM,3,2,0.553545073330958,0.085592347464157,,0.553545073330958,False,"{""model__C"": 0.1, ""model__kernel"": ""linear""}","{""model__C"": 1.0, ""model__kernel"": ""linear""}",20
4,rain_classification,SVM,4,6,0.5230088912506472,0.08427916709493681,,0.5230088912506472,False,"{""model__C"": 0.1, ""model__kernel"": ""linear""}","{""model__C"": 1.0, ""model__kernel"": ""rbf""}",20
4,rain_classification,SVM,5,3,0.5523127687873021,0.07371735097321572,,0.5523127687873021,False,"{""model__C"": 0.1, ""model__kernel"": ""linear""}","{""model__C"": 10.0, ""model__kernel"": ""linear""}",20
4,rain_classification,SVM,6,7,0.4917399035283923,0.07720840964328976,,0.4917399035283923,False,"{""model__C"": 0.1, ""model__kernel"": ""linear""}","{""model__C"": 10.0, ""model__kernel"": ""rbf""}",20
4,rain_classification,SVM,7,4,0.5522389397206047,0.06930209948764399,,0.5522389397206047,False,"{""model__C"": 0.1, ""model__kernel"": ""linear""}","{""model__C"": 100.0, ""model__kernel"": ""linear""}",20
4,rain_classification,SVM,8,8,0.44945130362835684,0.04418532244255314,,0.44945130362835684,False,"{""model__C"": 0.1, ""model__kernel"": ""linear""}","{""model__C"": 100.0, ""model__kernel"": ""rbf""}",20
4,rain_classification,XGBoostClassifier,1,12,0.4540497696963769,0.08592400645022866,,0.4540497696963769,False,"{""learning_rate"": 0.01596950334578271, ""max_depth"": 4, ""n_estimators"": 443}","{""learning_rate"": 0.11861663446573512, ""max_depth"": 7, ""n_estimators"": 370}",20
4,rain_classification,XGBoostClassifier,2,7,0.4600202403503749,0.10531490379380806,,0.4600202403503749,False,"{""learning_rate"": 0.01596950334578271, ""max_depth"": 4, ""n_estimators"": 443}","{""learning_rate"": 0.22227824312530747, ""max_depth"": 7, ""n_estimators"": 120}",20
4,rain_classification,XGBoostClassifier,3,9,0.45646243239826123,0.09512843655281995,,0.45646243239826123,False,"{""learning_rate"": 0.01596950334578271, ""max_depth"": 4, ""n_estimators"": 443}","{""learning_rate"": 0.055245405728306586, ""max_depth"": 5, ""n_estimators"": 314}",20
4,rain_classification,XGBoostClassifier,4,4,0.4682735024923478,0.097295766565916,,0.4682735024923478,False,"{""learning_rate"": 0.01596950334578271, ""max_depth"": 4, ""n_estimators"": 443}","{""learning_rate"": 0.026844247528777843, ""max_depth"": 10, ""n_estimators"": 472}",20
4,rain_classification,XGBoostClassifier,5,8,0.456755547773637,0.10321950018111639,,0.456755547773637,False,"{""learning_rate"": 0.01596950334578271, ""max_depth"": 4, ""n_estimators"": 443}","{""learning_rate"": 0.18432335340553055, ""max_depth"": 10, ""n_estimators"": 230}",20
4,rain_classification,XGBoostClassifier,6,1,0.4976178570909746,0.09980613922555302,,0.4976178570909746,True,"{""learning_rate"": 0.01596950334578271, ""max_depth"": 4, ""n_estimators"": 443}","{""learning_rate"": 0.01596950334578271, ""max_depth"": 4, ""n_estimators"": 443}",20
4,rain_classification,XGBoostClassifier,7,14,0.44979076965919074,0.1339023764825604,,0.44979076965919074,False,"{""learning_rate"": 0.01596950334578271, ""max_depth"": 4, ""n_estimators"": 443}","{""learning_rate"": 0.2514083658321223, ""max_depth"": 8, ""n_estimators"": 485}",20
4,rain_classification,XGBoostClassifier,8,10,0.4549901935017891,0.10302223731392858,,0.4549901935017891,False,"{""learning_rate"": 0.01596950334578271, ""max_depth"": 4, ""n_estimators"": 443}","{""learning_rate"": 0.06272924049005918, ""max_depth"": 7, ""n_estimators"": 260}",20
4,rain_classification,XGBoostClassifier,9,17,0.44772255504506464,0.11154554184239802,,0.44772255504506464,False,"{""learning_rate"": 0.01596950334578271, ""max_depth"": 4, ""n_estimators"": 443}","{""learning_rate"": 0.09823025045826593, ""max_depth"": 8, ""n_estimators"": 352}",20
4,rain_classification,XGBoostClassifier,10,2,0.489067060979289,0.09315940738598019,,0.489067060979289,False,"{""learning_rate"": 0.01596950334578271, ""max_depth"": 4, ""n_estimators"": 443}","{""learning_rate"": 0.13526405540621358, ""max_depth"": 3, ""n_estimators"": 158}",20
4,rain_classification,XGBoostClassifier,11,16,0.44795165353540983,0.11286048774055157,,0.44795165353540983,False,"{""learning_rate"": 0.01596950334578271, ""max_depth"": 4, ""n_estimators"": 443}","{""learning_rate"": 0.1259596817974241, ""max_depth"": 10, ""n_estimators"": 287}",20
4,rain_classification,XGBoostClassifier,12,11,0.4549034583094376,0.10887451017405061,,0.4549034583094376,False,"{""learning_rate"": 0.01596950334578271, ""max_depth"": 4, ""n_estimators"": 443}","{""learning_rate"": 0.11624493455517058, ""max_depth"": 8, ""n_estimators"": 274}",20
4,rain_classification,XGBoostClassifier,13,13,0.4506779784145138,0.10464913178077342,,0.4506779784145138,False,"{""learning_rate"": 0.01596950334578271, ""max_depth"": 4, ""n_estimators"": 443}","{""learning_rate"": 0.1893319427065953, ""max_depth"": 6, ""n_estimators"": 154}",20
4,rain_classification,XGBoostClassifier,14,19,0.4470196534439942,0.09057946719045785,,0.4470196534439942,False,"{""learning_rate"": 0.01596950334578271, ""max_depth"": 4, ""n_estimators"": 443}","{""learning_rate"": 0.29513695688396857, ""max_depth"": 3, ""n_estimators"": 230}",20
4,rain_classification,XGBoostClassifier,15,5,0.46326184789734254,0.0793769204682063,,0.46326184789734254,False,"{""learning_rate"": 0.01596950334578271, ""max_depth"": 4, ""n_estimators"": 443}","{""learning_rate"": 0.25938271795353296, ""max_depth"": 9, ""n_estimators"": 120}",20
4,rain_classification,XGBoostClassifier,16,6,0.46183684068890757,0.09275037896435981,,0.46183684068890757,False,"{""learning_rate"": 0.01596950334578271, ""max_depth"": 4, ""n_estimators"": 443}","{""learning_rate"": 0.14064478307116746, ""max_depth"": 4, ""n_estimators"": 487}",20
4,rain_classification,XGBoostClassifier,17,20,0.43879390093668214,0.11612454024929468,,0.43879390093668214,False,"{""learning_rate"": 0.01596950334578271, ""max_depth"": 4, ""n_estimators"": 443}","{""learning_rate"": 0.28323850914860726, ""max_depth"": 8, ""n_estimators"": 341}",20
4,rain_classification,XGBoostClassifier,18,3,0.4729376053146829,0.0900856651570999,,0.4729376053146829,False,"{""learning_rate"": 0.01596950334578271, ""max_depth"": 4, ""n_estimators"": 443}","{""learning_rate"": 0.12177078573657565, ""max_depth"": 4, ""n_estimators"": 152}",20
4,rain_classification,XGBoostClassifier,19,15,0.44857082155824235,0.10356603932914507,,0.44857082155824235,False,"{""learning_rate"": 0.01596950334578271, ""max_depth"": 4, ""n_estimators"": 443}","{""learning_rate"": 0.0769592094304232, ""max_depth"": 6, ""n_estimators"": 466}",20
4,rain_classification,XGBoostClassifier,20,18,0.4473311287001371,0.12830966786754308,,0.4473311287001371,False,"{""learning_rate"": 0.01596950334578271, ""max_depth"": 4, ""n_estimators"": 443}","{""learning_rate"": 0.2081464204593829, ""max_depth"": 6, ""n_estimators"": 363}",20
5,temperature_regression,LinearRegression,1,1,,,,,True,StandardScaler + LinearRegression,StandardScaler + LinearRegression,20
5,temperature_regression,KNNRegressor,1,18,-4.336686880198304,0.8587287929098892,4.336686880198304,,False,"{""model__n_neighbors"": 24, ""model__weights"": ""uniform""}","{""model__n_neighbors"": 9, ""model__weights"": ""distance""}",20
5,temperature_regression,KNNRegressor,2,10,-4.226962177791338,0.8333835332497597,4.226962177791338,,False,"{""model__n_neighbors"": 24, ""model__weights"": ""uniform""}","{""model__n_neighbors"": 17, ""model__weights"": ""uniform""}",20
5,temperature_regression,KNNRegressor,3,16,-4.311849828534319,0.85605686767604,4.311849828534319,,False,"{""model__n_neighbors"": 24, ""model__weights"": ""uniform""}","{""model__n_neighbors"": 10, ""model__weights"": ""uniform""}",20
5,temperature_regression,KNNRegressor,4,2,-4.172374858996828,0.8243417315750815,4.172374858996828,,False,"{""model__n_neighbors"": 24, ""model__weights"": ""uniform""}","{""model__n_neighbors"": 23, ""model__weights"": ""uniform""}",20
5,temperature_regression,KNNRegressor,5,6,-4.201978507883969,0.8351038589157993,4.201978507883969,,False,"{""model__n_neighbors"": 24, ""model__weights"": ""uniform""}","{""model__n_neighbors"": 21, ""model__weights"": ""uniform""}",20
5,temperature_regression,KNNRegressor,6,14,-4.278455184157767,0.8638211932972165,4.278455184157767,,False,"{""model__n_neighbors"": 24, ""model__weights"": ""uniform""}","{""model__n_neighbors"": 13, ""model__weights"": ""uniform""}",20
5,temperature_regression,KNNRegressor,7,4,-4.1732661717836255,0.8262845762176653,4.1732661717836255,,False,"{""model__n_neighbors"": 24, ""model__weights"": ""uniform""}","{""model__n_neighbors"": 23, ""model__weights"": ""distance""}",20
5,temperature_regression,KNNRegressor,8,17,-4.312736131360805,0.8588127312725767,4.312736131360805,,False,"{""model__n_neighbors"": 24, ""model__weights"": ""uniform""}","{""model__n_neighbors"": 10, ""model__weights"": ""distance""}",20
5,temperature_regression,KNNRegressor,9,20,-4.489290475852577,0.9195561844723681,4.489290475852577,,False,"{""model__n_neighbors"": 24, ""model__weights"": ""uniform""}","{""model__n_neighbors"": 5, ""model__weights"": ""distance""}",20
5,temperature_regression,KNNRegressor,10,4,-4.1732661717836255,0.8262845762176653,4.1732661717836255,,False,"{""model__n_neighbors"": 24, ""model__weights"": ""uniform""}","{""model__n_neighbors"": 23, ""model__weights"": ""distance""}",20
5,temperature_regression,KNNRegressor,11,11,-4.267751763285681,0.8616175463414208,4.267751763285681,,False,"{""model__n_neighbors"": 24, ""model__weights"": ""uniform""}","{""model__n_neighbors"": 14, ""model__weights"": ""distance""}",20
5,temperature_regression,KNNRegressor,12,19,-4.35161490873882,0.878779790151026,4.35161490873882,,False,"{""model__n_neighbors"": 24, ""model__weights"": ""uniform""}","{""model__n_neighbors"": 8, ""model__weights"": ""distance""}",20
5,temperature_regression,KNNRegressor,13,2,-4.172374858996828,0.8243417315750815,4.172374858996828,,False,"{""model__n_neighbors"": 24, ""model__weights"": ""uniform""}","{""model__n_neighbors"": 23, ""model__weights"": ""uniform""}",20
5,temperature_regression,KNNRegressor,14,11,-4.267751763285681,0.8616175463414208,4.267751763285681,,False,"{""model__n_neighbors"": 24, ""model__weights"": ""uniform""}","{""model__n_neighbors"": 14, ""model__weights"": ""distance""}",20
5,temperature_regression,KNNRegressor,15,1,-4.163128880283967,0.8206612391522391,4.163128880283967,,True,"{""model__n_neighbors"": 24, ""model__weights"": ""uniform""}","{""model__n_neighbors"": 24, ""model__weights"": ""uniform""}",20
5,temperature_regression,KNNRegressor,16,13,-4.269012668159344,0.8598622451495496,4.269012668159344,,False,"{""model__n_neighbors"": 24, ""model__weights"": ""uniform""}","{""model__n_neighbors"": 14, ""model__weights"": ""uniform""}",20
5,temperature_regression,KNNRegressor,17,8,-4.225591726526752,0.8407918037379711,4.225591726526752,,False,"{""model__n_neighbors"": 24, ""model__weights"": ""uniform""}","{""model__n_neighbors"": 19, ""model__weights"": ""uniform""}",20
5,temperature_regression,KNNRegressor,18,15,-4.28294220846764,0.8658699183448749,4.28294220846764,,False,"{""model__n_neighbors"": 24, ""model__weights"": ""uniform""}","{""model__n_neighbors"": 12, ""model__weights"": ""distance""}",20
5,temperature_regression,KNNRegressor,19,7,-4.222371660415456,0.8349185848392393,4.222371660415456,,False,"{""model__n_neighbors"": 24, ""model__weights"": ""uniform""}","{""model__n_neighbors"": 18, ""model__weights"": ""uniform""}",20
5,temperature_regression,KNNRegressor,20,9,-4.226408346510706,0.8360135326988368,4.226408346510706,,False,"{""model__n_neighbors"": 24, ""model__weights"": ""uniform""}","{""model__n_neighbors"": 17, ""model__weights"": ""distance""}",20
5,temperature_regression,XGBoostRegressor,1,13,-4.133532610160737,1.073844762293311,4.133532610160737,,False,"{""learning_rate"": 0.12177078573657565, ""max_depth"": 4, ""n_estimators"": 152}","{""learning_rate"": 0.11861663446573512, ""max_depth"": 7, ""n_estimators"": 370}",20
5,temperature_regression,XGBoostRegressor,2,19,-4.172304531419819,1.1160028487548104,4.172304531419819,,False,"{""learning_rate"": 0.12177078573657565, ""max_depth"": 4, ""n_estimators"": 152}","{""learning_rate"": 0.22227824312530747, ""max_depth"": 7, ""n_estimators"": 120}",20
5,temperature_regression,XGBoostRegressor,3,8,-4.106620484673004,1.2875805468767236,4.106620484673004,,False,"{""learning_rate"": 0.12177078573657565, ""max_depth"": 4, ""n_estimators"": 152}","{""learning_rate"": 0.055245405728306586, ""max_depth"": 5, ""n_estimators"": 314}",20
5,temperature_regression,XGBoostRegressor,4,5,-4.082372912041971,0.8908611377485282,4.082372912041971,,False,"{""learning_rate"": 0.12177078573657565, ""max_depth"": 4, ""n_estimators"": 152}","{""learning_rate"": 0.026844247528777843, ""max_depth"": 10, ""n_estimators"": 472}",20
5,temperature_regression,XGBoostRegressor,5,16,-4.135441868272778,0.9253907547925543,4.135441868272778,,False,"{""learning_rate"": 0.12177078573657565, ""max_depth"": 4, ""n_estimators"": 152}","{""learning_rate"": 0.18432335340553055, ""max_depth"": 10, ""n_estimators"": 230}",20
5,temperature_regression,XGBoostRegressor,6,2,-4.021829788630621,1.301659185524742,4.021829788630621,,False,"{""learning_rate"": 0.12177078573657565, ""max_depth"": 4, ""n_estimators"": 152}","{""learning_rate"": 0.01596950334578271, ""max_depth"": 4, ""n_estimators"": 443}",20
5,temperature_regression,XGBoostRegressor,7,20,-4.204628920588076,1.066245878593899,4.204628920588076,,False,"{""learning_rate"": 0.12177078573657565, ""max_depth"": 4, ""n_estimators"": 152}","{""learning_rate"": 0.2514083658321223, ""max_depth"": 8, ""n_estimators"": 485}",20
5,temperature_regression,XGBoostRegressor,8,6,-4.096510056464797,0.9953615546198751,4.096510056464797,,False,"{""learning_rate"": 0.12177078573657565, ""max_depth"": 4, ""n_estimators"": 152}","{""learning_rate"": 0.06272924049005918, ""max_depth"": 7, ""n_estimators"": 260}",20
5,temperature_regression,XGBoostRegressor,9,11,-4.119749535673496,1.0750289408158342,4.119749535673496,,False,"{""learning_rate"": 0.12177078573657565, ""max_depth"": 4, ""n_estimators"": 152}","{""learning_rate"": 0.09823025045826593, ""max_depth"": 8, ""n_estimators"": 352}",20
5,temperature_regression,XGBoostRegressor,10,4,-4.0781640804352595,1.293687752185289,4.0781640804352595,,False,"{""learning_rate"": 0.12177078573657565, ""max_depth"": 4, ""n_estimators"": 152}","{""learning_rate"": 0.13526405540621358, ""max_depth"": 3, ""n_estimators"": 158}",20
5,temperature_regression,XGBoostRegressor,11,14,-4.133990047378456,0.9227595150356076,4.133990047378456,,False,"{""learning_rate"": 0.12177078573657565, ""max_depth"": 4, ""n_estimators"": 152}","{""learning_rate"": 0.1259596817974241, ""max_depth"": 10, ""n_estimators"": 287}",20
5,temperature_regression,XGBoostRegressor,12,9,-4.117540837298276,0.9539249592659435,4.117540837298276,,False,"{""learning_rate"": 0.12177078573657565, ""max_depth"": 4, ""n_estimators"": 152}","{""learning_rate"": 0.11624493455517058, ""max_depth"": 8, ""n_estimators"": 274}",20
5,temperature_regression,XGBoostRegressor,13,18,-4.154999551854845,1.137051789104863,4.154999551854845,,False,"{""learning_rate"": 0.12177078573657565, ""max_depth"": 4, ""n_estimators"": 152}","{""learning_rate"": 0.1893319427065953, ""max_depth"": 6, ""n_estimators"": 154}",20
5,temperature_regression,XGBoostRegressor,14,12,-4.129222923158568,1.0812160083953428,4.129222923158568,,False,"{""learning_rate"": 0.12177078573657565, ""max_depth"": 4, ""n_estimators"": 152}","{""learning_rate"": 0.29513695688396857, ""max_depth"": 3, ""n_estimators"": 230}",20
5,temperature_regression,XGBoostRegressor,15,17,-4.153049887786981,0.9482871917642003,4.153049887786981,,False,"{""learning_rate"": 0.12177078573657565, ""max_depth"": 4, ""n_estimators"": 152}","{""learning_rate"": 0.25938271795353296, ""max_depth"": 9, ""n_estimators"": 120}",20
5,temperature_regression,XGBoostRegressor,16,3,-4.053852084899395,1.1289263183865654,4.053852084899395,,False,"{""learning_rate"": 0.12177078573657565, ""max_depth"": 4, ""n_estimators"": 152}","{""learning_rate"": 0.14064478307116746, ""max_depth"": 4, ""n_estimators"": 487}",20
5,temperature_regression,XGBoostRegressor,17,10,-4.11791791836772,1.0491990757767549,4.11791791836772,,False,"{""learning_rate"": 0.12177078573657565, ""max_depth"": 4, ""n_estimators"": 152}","{""learning_rate"": 0.28323850914860726, ""max_depth"": 8, ""n_estimators"": 341}",20
5,temperature_regression,XGBoostRegressor,18,1,-4.003819895755113,1.0953051770379467,4.003819895755113,,True,"{""learning_rate"": 0.12177078573657565, ""max_depth"": 4, ""n_estimators"": 152}","{""learning_rate"": 0.12177078573657565, ""max_depth"": 4, ""n_estimators"": 152}",20
5,temperature_regression,XGBoostRegressor,19,15,-4.135255365388412,1.1430269380279545,4.135255365388412,,False,"{""learning_rate"": 0.12177078573657565, ""max_depth"": 4, ""n_estimators"": 152}","{""learning_rate"": 0.0769592094304232, ""max_depth"": 6, ""n_estimators"": 466}",20
5,temperature_regression,XGBoostRegressor,20,7,-4.103689209315964,1.036372990358357,4.103689209315964,,False,"{""learning_rate"": 0.12177078573657565, ""max_depth"": 4, ""n_estimators"": 152}","{""learning_rate"": 0.2081464204593829, ""max_depth"": 6, ""n_estimators"": 363}",20
5,rain_classification,LogisticRegression,1,1,0.5619642735657547,0.0743245222053051,,0.5619642735657547,True,"{""model__C"": 0.01}","{""model__C"": 0.01}",20
5,rain_classification,LogisticRegression,2,2,0.5387367720699996,0.07793733926876298,,0.5387367720699996,False,"{""model__C"": 0.01}","{""model__C"": 0.1}",20
5,rain_classification,LogisticRegression,3,3,0.5314669394420715,0.07665954232290724,,0.5314669394420715,False,"{""model__C"": 0.01}","{""model__C"": 1.0}",20
5,rain_classification,LogisticRegression,4,5,0.5249029141877392,0.07138341699217965,,0.5249029141877392,False,"{""model__C"": 0.01}","{""model__C"": 10.0}",20
5,rain_classification,LogisticRegression,5,4,0.5265861103164122,0.07123103114248805,,0.5265861103164122,False,"{""model__C"": 0.01}","{""model__C"": 100.0}",20
5,rain_classification,SVM,1,1,0.5546271695479973,0.07343497522827808,,0.5546271695479973,True,"{""model__C"": 0.1, ""model__kernel"": ""linear""}","{""model__C"": 0.1, ""model__kernel"": ""linear""}",20
5,rain_classification,SVM,2,2,0.5430869599320858,0.09046571075605714,,0.5430869599320858,False,"{""model__C"": 0.1, ""model__kernel"": ""linear""}","{""model__C"": 0.1, ""model__kernel"": ""rbf""}",20
5,rain_classification,SVM,3,4,0.5407450443373332,0.0695225206343546,,0.5407450443373332,False,"{""model__C"": 0.1, ""model__kernel"": ""linear""}","{""model__C"": 1.0, ""model__kernel"": ""linear""}",20
5,rain_classification,SVM,4,6,0.5050419654615543,0.08884276579665558,,0.5050419654615543,False,"{""model__C"": 0.1, ""model__kernel"": ""linear""}","{""model__C"": 1.0, ""model__kernel"": ""rbf""}",20
5,rain_classification,SVM,5,3,0.5410363660791992,0.06909245866424885,,0.5410363660791992,False,"{""model__C"": 0.1, ""model__kernel"": ""linear""}","{""model__C"": 10.0, ""model__kernel"": ""linear""}",20
5,rain_classification,SVM,6,7,0.4820297024225459,0.06075909532549295,,0.4820297024225459,False,"{""model__C"": 0.1, ""model__kernel"": ""linear""}","{""model__C"": 10.0, ""model__kernel"": ""rbf""}",20
5,rain_classification,SVM,7,5,0.5358751336049109,0.06575634041850588,,0.5358751336049109,False,"{""model__C"": 0.1, ""model__kernel"": ""linear""}","{""model__C"": 100.0, ""model__kernel"": ""linear""}",20
5,rain_classification,SVM,8,8,0.45183573353494505,0.07203818094337829,,0.45183573353494505,False,"{""model__C"": 0.1, ""model__kernel"": ""linear""}","{""model__C"": 100.0, ""model__kernel"": ""rbf""}",20
5,rain_classification,XGBoostClassifier,1,17,0.4641460754107201,0.04600433795189114,,0.4641460754107201,False,"{""learning_rate"": 0.13526405540621358, ""max_depth"": 3, ""n_estimators"": 158}","{""learning_rate"": 0.11861663446573512, ""max_depth"": 7, ""n_estimators"": 370}",20
5,rain_classification,XGBoostClassifier,2,3,0.48518797880073816,0.04775861759952033,,0.48518797880073816,False,"{""learning_rate"": 0.13526405540621358, ""max_depth"": 3, ""n_estimators"": 158}","{""learning_rate"": 0.22227824312530747, ""max_depth"": 7, ""n_estimators"": 120}",20
5,rain_classification,XGBoostClassifier,3,11,0.4753223948966573,0.042348611807549584,,0.4753223948966573,False,"{""learning_rate"": 0.13526405540621358, ""max_depth"": 3, ""n_estimators"": 158}","{""learning_rate"": 0.055245405728306586, ""max_depth"": 5, ""n_estimators"": 314}",20
5,rain_classification,XGBoostClassifier,4,9,0.4770897543311744,0.05989995471840342,,0.4770897543311744,False,"{""learning_rate"": 0.13526405540621358, ""max_depth"": 3, ""n_estimators"": 158}","{""learning_rate"": 0.026844247528777843, ""max_depth"": 10, ""n_estimators"": 472}",20
5,rain_classification,XGBoostClassifier,5,13,0.47377777777777774,0.037323263938544314,,0.47377777777777774,False,"{""learning_rate"": 0.13526405540621358, ""max_depth"": 3, ""n_estimators"": 158}","{""learning_rate"": 0.18432335340553055, ""max_depth"": 10, ""n_estimators"": 230}",20
5,rain_classification,XGBoostClassifier,6,2,0.4976268255222057,0.055576476845770634,,0.4976268255222057,False,"{""learning_rate"": 0.13526405540621358, ""max_depth"": 3, ""n_estimators"": 158}","{""learning_rate"": 0.01596950334578271, ""max_depth"": 4, ""n_estimators"": 443}",20
5,rain_classification,XGBoostClassifier,7,19,0.4616435052544176,0.0632022384139651,,0.4616435052544176,False,"{""learning_rate"": 0.13526405540621358, ""max_depth"": 3, ""n_estimators"": 158}","{""learning_rate"": 0.2514083658321223, ""max_depth"": 8, ""n_estimators"": 485}",20
5,rain_classification,XGBoostClassifier,8,14,0.4734889766784679,0.05567358989252138,,0.4734889766784679,False,"{""learning_rate"": 0.13526405540621358, ""max_depth"": 3, ""n_estimators"": 158}","{""learning_rate"": 0.06272924049005918, ""max_depth"": 7, ""n_estimators"": 260}",20
5,rain_classification,XGBoostClassifier,9,16,0.4694783287401442,0.05333784634066694,,0.4694783287401442,False,"{""learning_rate"": 0.13526405540621358, ""max_depth"": 3, ""n_estimators"": 158}","{""learning_rate"": 0.09823025045826593, ""max_depth"": 8, ""n_estimators"": 352}",20
5,rain_classification,XGBoostClassifier,10,1,0.5016330582590205,0.049570154709364,,0.5016330582590205,True,"{""learning_rate"": 0.13526405540621358, ""max_depth"": 3, ""n_estimators"": 158}","{""learning_rate"": 0.13526405540621358, ""max_depth"": 3, ""n_estimators"": 158}",20
5,rain_classification,XGBoostClassifier,11,6,0.4834964053414998,0.044951834745095426,,0.4834964053414998,False,"{""learning_rate"": 0.13526405540621358, ""max_depth"": 3, ""n_estimators"": 158}","{""learning_rate"": 0.1259596817974241, ""max_depth"": 10, ""n_estimators"": 287}",20
5,rain_classification,XGBoostClassifier,12,18,0.4637661255055249,0.03675139663294917,,0.4637661255055249,False,"{""learning_rate"": 0.13526405540621358, ""max_depth"": 3, ""n_estimators"": 158}","{""learning_rate"": 0.11624493455517058, ""max_depth"": 8, ""n_estimators"": 274}",20
5,rain_classification,XGBoostClassifier,13,12,0.4744994298160991,0.04978271846893524,,0.4744994298160991,False,"{""learning_rate"": 0.13526405540621358, ""max_depth"": 3, ""n_estimators"": 158}","{""learning_rate"": 0.1893319427065953, ""max_depth"": 6, ""n_estimators"": 154}",20
5,rain_classification,XGBoostClassifier,14,4,0.48409012210979635,0.05142956241457097,,0.48409012210979635,False,"{""learning_rate"": 0.13526405540621358, ""max_depth"": 3, ""n_estimators"": 158}","{""learning_rate"": 0.29513695688396857, ""max_depth"": 3, ""n_estimators"": 230}",20
5,rain_classification,XGBoostClassifier,15,7,0.48268491374008865,0.05408122790309884,,0.48268491374008865,False,"{""learning_rate"": 0.13526405540621358, ""max_depth"": 3, ""n_estimators"": 158}","{""learning_rate"": 0.25938271795353296, ""max_depth"": 9, ""n_estimators"": 120}",20
5,rain_classification,XGBoostClassifier,16,5,0.4840563662799985,0.052481381462130626,,0.4840563662799985,False,"{""learning_rate"": 0.13526405540621358, ""max_depth"": 3, ""n_estimators"": 158}","{""learning_rate"": 0.14064478307116746, ""max_depth"": 4, ""n_estimators"": 487}",20
5,rain_classification,XGBoostClassifier,17,15,0.47318382299841205,0.058444116757490325,,0.47318382299841205,False,"{""learning_rate"": 0.13526405540621358, ""max_depth"": 3, ""n_estimators"": 158}","{""learning_rate"": 0.28323850914860726, ""max_depth"": 8, ""n_estimators"": 341}",20
5,rain_classification,XGBoostClassifier,18,20,0.45774326697051515,0.04738235085178252,,0.45774326697051515,False,"{""learning_rate"": 0.13526405540621358, ""max_depth"": 3, ""n_estimators"": 158}","{""learning_rate"": 0.12177078573657565, ""max_depth"": 4, ""n_estimators"": 152}",20
5,rain_classification,XGBoostClassifier,19,10,0.47653642158872794,0.040225059869933154,,0.47653642158872794,False,"{""learning_rate"": 0.13526405540621358, ""max_depth"": 3, ""n_estimators"": 158}","{""learning_rate"": 0.0769592094304232, ""max_depth"": 6, ""n_estimators"": 466}",20
5,rain_classification,XGBoostClassifier,20,8,0.4806925192089665,0.04725696057180224,,0.4806925192089665,False,"{""learning_rate"": 0.13526405540621358, ""max_depth"": 3, ""n_estimators"": 158}","{""learning_rate"": 0.2081464204593829, ""max_depth"": 6, ""n_estimators"": 363}",20
6,temperature_regression,LinearRegression,1,1,,,,,True,StandardScaler + LinearRegression,StandardScaler + LinearRegression,20
6,temperature_regression,KNNRegressor,1,18,-4.32762377501977,0.8903075364296276,4.32762377501977,,False,"{""model__n_neighbors"": 24, ""model__weights"": ""uniform""}","{""model__n_neighbors"": 9, ""model__weights"": ""distance""}",20
6,temperature_regression,KNNRegressor,2,8,-4.21856878262796,0.8467563021566035,4.21856878262796,,False,"{""model__n_neighbors"": 24, ""model__weights"": ""uniform""}","{""model__n_neighbors"": 17, ""model__weights"": ""uniform""}",20
6,temperature_regression,KNNRegressor,3,17,-4.306943304530366,0.8705311922879273,4.306943304530366,,False,"{""model__n_neighbors"": 24, ""model__weights"": ""uniform""}","{""model__n_neighbors"": 10, ""model__weights"": ""uniform""}",20
6,temperature_regression,KNNRegressor,4,2,-4.162464649144632,0.8443805478499468,4.162464649144632,,False,"{""model__n_neighbors"": 24, ""model__weights"": ""uniform""}","{""model__n_neighbors"": 23, ""model__weights"": ""uniform""}",20
6,temperature_regression,KNNRegressor,5,6,-4.1899211954647235,0.8454187597662981,4.1899211954647235,,False,"{""model__n_neighbors"": 24, ""model__weights"": ""uniform""}","{""model__n_neighbors"": 21, ""model__weights"": ""uniform""}",20
6,temperature_regression,KNNRegressor,6,14,-4.260977834968374,0.8855752398107601,4.260977834968374,,False,"{""model__n_neighbors"": 24, ""model__weights"": ""uniform""}","{""model__n_neighbors"": 13, ""model__weights"": ""uniform""}",20
6,temperature_regression,KNNRegressor,7,4,-4.163002854806193,0.8480533004251265,4.163002854806193,,False,"{""model__n_neighbors"": 24, ""model__weights"": ""uniform""}","{""model__n_neighbors"": 23, ""model__weights"": ""distance""}",20
6,temperature_regression,KNNRegressor,8,16,-4.304877205826955,0.8757269432800862,4.304877205826955,,False,"{""model__n_neighbors"": 24, ""model__weights"": ""uniform""}","{""model__n_neighbors"": 10, ""model__weights"": ""distance""}",20
6,temperature_regression,KNNRegressor,9,20,-4.46452202638771,0.9575202254308459,4.46452202638771,,False,"{""model__n_neighbors"": 24, ""model__weights"": ""uniform""}","{""model__n_neighbors"": 5, ""model__weights"": ""distance""}",20
6,temperature_regression,KNNRegressor,10,4,-4.163002854806193,0.8480533004251265,4.163002854806193,,False,"{""model__n_neighbors"": 24, ""model__weights"": ""uniform""}","{""model__n_neighbors"": 23, ""model__weights"": ""distance""}",20
6,temperature_regression,KNNRegressor,11,11,-4.252958878402621,0.8723418097980261,4.252958878402621,,False,"{""model__n_neighbors"": 24, ""model__weights"": ""uniform""}","{""model__n_neighbors"": 14, ""model__weights"": ""distance""}",20
6,temperature_regression,KNNRegressor,12,19,-4.350594700645736,0.9027769564831667,4.350594700645736,,False,"{""model__n_neighbors"": 24, ""model__weights"": ""uniform""}","{""model__n_neighbors"": 8, ""model__weights"": ""distance""}",20
6,temperature_regression,KNNRegressor,13,2,-4.162464649144632,0.8443805478499468,4.162464649144632,,False,"{""model__n_neighbors"": 24, ""model__weights"": ""uniform""}","{""model__n_neighbors"": 23, ""model__weights"": ""uniform""}",20
6,temperature_regression,KNNRegressor,14,11,-4.252958878402621,0.8723418097980261,4.252958878402621,,False,"{""model__n_neighbors"": 24, ""model__weights"": ""uniform""}","{""model__n_neighbors"": 14, ""model__weights"": ""distance""}",20
6,temperature_regression,KNNRegressor,15,1,-4.152108839331313,0.8352074277212282,4.152108839331313,,True,"{""model__n_neighbors"": 24, ""model__weights"": ""uniform""}","{""model__n_neighbors"": 24, ""model__weights"": ""uniform""}",20
6,temperature_regression,KNNRegressor,16,13,-4.255196112035884,0.8683298533769866,4.255196112035884,,False,"{""model__n_neighbors"": 24, ""model__weights"": ""uniform""}","{""model__n_neighbors"": 14, ""model__weights"": ""uniform""}",20
6,temperature_regression,KNNRegressor,17,9,-4.2192803289605605,0.8464378537029769,4.2192803289605605,,False,"{""model__n_neighbors"": 24, ""model__weights"": ""uniform""}","{""model__n_neighbors"": 19, ""model__weights"": ""uniform""}",20
6,temperature_regression,KNNRegressor,18,15,-4.271058939463105,0.8897340136749332,4.271058939463105,,False,"{""model__n_neighbors"": 24, ""model__weights"": ""uniform""}","{""model__n_neighbors"": 12, ""model__weights"": ""distance""}",20
6,temperature_regression,KNNRegressor,19,10,-4.222280772146041,0.8466605619898324,4.222280772146041,,False,"{""model__n_neighbors"": 24, ""model__weights"": ""uniform""}","{""model__n_neighbors"": 18, ""model__weights"": ""uniform""}",20
6,temperature_regression,KNNRegressor,20,7,-4.216265486954571,0.851843383853061,4.216265486954571,,False,"{""model__n_neighbors"": 24, ""model__weights"": ""uniform""}","{""model__n_neighbors"": 17, ""model__weights"": ""distance""}",20
6,temperature_regression,XGBoostRegressor,1,10,-4.165315274955146,1.2329151706170594,4.165315274955146,,False,"{""learning_rate"": 0.01596950334578271, ""max_depth"": 4, ""n_estimators"": 443}","{""learning_rate"": 0.11861663446573512, ""max_depth"": 7, ""n_estimators"": 370}",20
6,temperature_regression,XGBoostRegressor,2,13,-4.201264267837958,1.143553543494106,4.201264267837958,,False,"{""learning_rate"": 0.01596950334578271, ""max_depth"": 4, ""n_estimators"": 443}","{""learning_rate"": 0.22227824312530747, ""max_depth"": 7, ""n_estimators"": 120}",20
6,temperature_regression,XGBoostRegressor,3,4,-4.102674093785778,1.2180639274803615,4.102674093785778,,False,"{""learning_rate"": 0.01596950334578271, ""max_depth"": 4, ""n_estimators"": 443}","{""learning_rate"": 0.055245405728306586, ""max_depth"": 5, ""n_estimators"": 314}",20
6,temperature_regression,XGBoostRegressor,4,18,-4.224851876326239,1.2083980152314755,4.224851876326239,,False,"{""learning_rate"": 0.01596950334578271, ""max_depth"": 4, ""n_estimators"": 443}","{""learning_rate"": 0.026844247528777843, ""max_depth"": 10, ""n_estimators"": 472}",20
6,temperature_regression,XGBoostRegressor,5,14,-4.211118779632285,1.2728908875710099,4.211118779632285,,False,"{""learning_rate"": 0.01596950334578271, ""max_depth"": 4, ""n_estimators"": 443}","{""learning_rate"": 0.18432335340553055, ""max_depth"": 10, ""n_estimators"": 230}",20
6,temperature_regression,XGBoostRegressor,6,1,-3.9523916115766466,1.147092752514452,3.9523916115766466,,True,"{""learning_rate"": 0.01596950334578271, ""max_depth"": 4, ""n_estimators"": 443}","{""learning_rate"": 0.01596950334578271, ""max_depth"": 4, ""n_estimators"": 443}",20
6,temperature_regression,XGBoostRegressor,7,17,-4.2208708684315015,1.1439134606843253,4.2208708684315015,,False,"{""learning_rate"": 0.01596950334578271, ""max_depth"": 4, ""n_estimators"": 443}","{""learning_rate"": 0.2514083658321223, ""max_depth"": 8, ""n_estimators"": 485}",20
6,temperature_regression,XGBoostRegressor,8,7,-4.155097259958323,1.2228810068943694,4.155097259958323,,False,"{""learning_rate"": 0.01596950334578271, ""max_depth"": 4, ""n_estimators"": 443}","{""learning_rate"": 0.06272924049005918, ""max_depth"": 7, ""n_estimators"": 260}",20
6,temperature_regression,XGBoostRegressor,9,20,-4.242949735452105,1.2147399956479883,4.242949735452105,,False,"{""learning_rate"": 0.01596950334578271, ""max_depth"": 4, ""n_estimators"": 443}","{""learning_rate"": 0.09823025045826593, ""max_depth"": 8, ""n_estimators"": 352}",20
6,temperature_regression,XGBoostRegressor,10,5,-4.112527052488807,1.4047100810583721,4.112527052488807,,False,"{""learning_rate"": 0.01596950334578271, ""max_depth"": 4, ""n_estimators"": 443}","{""learning_rate"": 0.13526405540621358, ""max_depth"": 3, ""n_estimators"": 158}",20
6,temperature_regression,XGBoostRegressor,11,16,-4.2176573729024875,1.1596689172518648,4.2176573729024875,,False,"{""learning_rate"": 0.01596950334578271, ""max_depth"": 4, ""n_estimators"": 443}","{""learning_rate"": 0.1259596817974241, ""max_depth"": 10, ""n_estimators"": 287}",20
6,temperature_regression,XGBoostRegressor,12,19,-4.232566243617967,1.2687978014788626,4.232566243617967,,False,"{""learning_rate"": 0.01596950334578271, ""max_depth"": 4, ""n_estimators"": 443}","{""learning_rate"": 0.11624493455517058, ""max_depth"": 8, ""n_estimators"": 274}",20
6,temperature_regression,XGBoostRegressor,13,8,-4.159314544631923,1.2390080409597461,4.159314544631923,,False,"{""learning_rate"": 0.01596950334578271, ""max_depth"": 4, ""n_estimators"": 443}","{""learning_rate"": 0.1893319427065953, ""max_depth"": 6, ""n_estimators"": 154}",20
6,temperature_regression,XGBoostRegressor,14,12,-4.187949001063763,1.3842720176475352,4.187949001063763,,False,"{""learning_rate"": 0.01596950334578271, ""max_depth"": 4, ""n_estimators"": 443}","{""learning_rate"": 0.29513695688396857, ""max_depth"": 3, ""n_estimators"": 230}",20
6,temperature_regression,XGBoostRegressor,15,6,-4.137634814072736,1.2277641718913315,4.137634814072736,,False,"{""learning_rate"": 0.01596950334578271, ""max_depth"": 4, ""n_estimators"": 443}","{""learning_rate"": 0.25938271795353296, ""max_depth"": 9, ""n_estimators"": 120}",20
6,temperature_regression,XGBoostRegressor,16,3,-4.100845123977676,1.1833837638775218,4.100845123977676,,False,"{""learning_rate"": 0.01596950334578271, ""max_depth"": 4, ""n_estimators"": 443}","{""learning_rate"": 0.14064478307116746, ""max_depth"": 4, ""n_estimators"": 487}",20
6,temperature_regression,XGBoostRegressor,17,15,-4.212875392604028,1.1697247779071578,4.212875392604028,,False,"{""learning_rate"": 0.01596950334578271, ""max_depth"": 4, ""n_estimators"": 443}","{""learning_rate"": 0.28323850914860726, ""max_depth"": 8, ""n_estimators"": 341}",20
6,temperature_regression,XGBoostRegressor,18,2,-4.046414700342565,1.2189719551178326,4.046414700342565,,False,"{""learning_rate"": 0.01596950334578271, ""max_depth"": 4, ""n_estimators"": 443}","{""learning_rate"": 0.12177078573657565, ""max_depth"": 4, ""n_estimators"": 152}",20
6,temperature_regression,XGBoostRegressor,19,9,-4.164583210176258,1.227868382008645,4.164583210176258,,False,"{""learning_rate"": 0.01596950334578271, ""max_depth"": 4, ""n_estimators"": 443}","{""learning_rate"": 0.0769592094304232, ""max_depth"": 6, ""n_estimators"": 466}",20
6,temperature_regression,XGBoostRegressor,20,11,-4.176079265359723,1.2955540257937357,4.176079265359723,,False,"{""learning_rate"": 0.01596950334578271, ""max_depth"": 4, ""n_estimators"": 443}","{""learning_rate"": 0.2081464204593829, ""max_depth"": 6, ""n_estimators"": 363}",20
6,rain_classification,LogisticRegression,1,1,0.5481621486083637,0.08252812271373312,,0.5481621486083637,True,"{""model__C"": 0.01}","{""model__C"": 0.01}",20
6,rain_classification,LogisticRegression,2,2,0.5370444750986708,0.08259057727012752,,0.5370444750986708,False,"{""model__C"": 0.01}","{""model__C"": 0.1}",20
6,rain_classification,LogisticRegression,3,3,0.5356345041661197,0.0707926005536262,,0.5356345041661197,False,"{""model__C"": 0.01}","{""model__C"": 1.0}",20
6,rain_classification,LogisticRegression,4,4,0.5313290197763916,0.06243525963584688,,0.5313290197763916,False,"{""model__C"": 0.01}","{""model__C"": 10.0}",20
6,rain_classification,LogisticRegression,5,5,0.5311747590159946,0.06485299304784252,,0.5311747590159946,False,"{""model__C"": 0.01}","{""model__C"": 100.0}",20
6,rain_classification,SVM,1,1,0.5495586672159339,0.07182729691179174,,0.5495586672159339,True,"{""model__C"": 0.1, ""model__kernel"": ""linear""}","{""model__C"": 0.1, ""model__kernel"": ""linear""}",20
6,rain_classification,SVM,2,4,0.5405939259211885,0.08120449885130174,,0.5405939259211885,False,"{""model__C"": 0.1, ""model__kernel"": ""linear""}","{""model__C"": 0.1, ""model__kernel"": ""rbf""}",20
6,rain_classification,SVM,3,5,0.5364964325994215,0.07307930095758908,,0.5364964325994215,False,"{""model__C"": 0.1, ""model__kernel"": ""linear""}","{""model__C"": 1.0, ""model__kernel"": ""linear""}",20
6,rain_classification,SVM,4,6,0.5168339188532373,0.09404558739424103,,0.5168339188532373,False,"{""model__C"": 0.1, ""model__kernel"": ""linear""}","{""model__C"": 1.0, ""model__kernel"": ""rbf""}",20
6,rain_classification,SVM,5,2,0.5470722859708419,0.058566176020053706,,0.5470722859708419,False,"{""model__C"": 0.1, ""model__kernel"": ""linear""}","{""model__C"": 10.0, ""model__kernel"": ""linear""}",20
6,rain_classification,SVM,6,7,0.5099844646122735,0.05422739067958764,,0.5099844646122735,False,"{""model__C"": 0.1, ""model__kernel"": ""linear""}","{""model__C"": 10.0, ""model__kernel"": ""rbf""}",20
6,rain_classification,SVM,7,3,0.5432270279210698,0.06916176625043705,,0.5432270279210698,False,"{""model__C"": 0.1, ""model__kernel"": ""linear""}","{""model__C"": 100.0, ""model__kernel"": ""linear""}",20
6,rain_classification,SVM,8,8,0.4858952251557154,0.03878680173285313,,0.4858952251557154,False,"{""model__C"": 0.1, ""model__kernel"": ""linear""}","{""model__C"": 100.0, ""model__kernel"": ""rbf""}",20
6,rain_classification,XGBoostClassifier,1,11,0.46243882209869425,0.047080937486839114,,0.46243882209869425,False,"{""learning_rate"": 0.01596950334578271, ""max_depth"": 4, ""n_estimators"": 443}","{""learning_rate"": 0.11861663446573512, ""max_depth"": 7, ""n_estimators"": 370}",20
6,rain_classification,XGBoostClassifier,2,16,0.44937301796761486,0.0533986064329918,,0.44937301796761486,False,"{""learning_rate"": 0.01596950334578271, ""max_depth"": 4, ""n_estimators"": 443}","{""learning_rate"": 0.22227824312530747, ""max_depth"": 7, ""n_estimators"": 120}",20
6,rain_classification,XGBoostClassifier,3,15,0.4541660424575499,0.052515913427830706,,0.4541660424575499,False,"{""learning_rate"": 0.01596950334578271, ""max_depth"": 4, ""n_estimators"": 443}","{""learning_rate"": 0.055245405728306586, ""max_depth"": 5, ""n_estimators"": 314}",20
6,rain_classification,XGBoostClassifier,4,5,0.46935320613908316,0.0579110274937018,,0.46935320613908316,False,"{""learning_rate"": 0.01596950334578271, ""max_depth"": 4, ""n_estimators"": 443}","{""learning_rate"": 0.026844247528777843, ""max_depth"": 10, ""n_estimators"": 472}",20
6,rain_classification,XGBoostClassifier,5,13,0.4573442400258667,0.052295000353607346,,0.4573442400258667,False,"{""learning_rate"": 0.01596950334578271, ""max_depth"": 4, ""n_estimators"": 443}","{""learning_rate"": 0.18432335340553055, ""max_depth"": 10, ""n_estimators"": 230}",20
6,rain_classification,XGBoostClassifier,6,1,0.5065325821841965,0.05259516749478018,,0.5065325821841965,True,"{""learning_rate"": 0.01596950334578271, ""max_depth"": 4, ""n_estimators"": 443}","{""learning_rate"": 0.01596950334578271, ""max_depth"": 4, ""n_estimators"": 443}",20
6,rain_classification,XGBoostClassifier,7,17,0.44781708698010975,0.05779113074326287,,0.44781708698010975,False,"{""learning_rate"": 0.01596950334578271, ""max_depth"": 4, ""n_estimators"": 443}","{""learning_rate"": 0.2514083658321223, ""max_depth"": 8, ""n_estimators"": 485}",20
6,rain_classification,XGBoostClassifier,8,20,0.4410149073685662,0.0617079325821175,,0.4410149073685662,False,"{""learning_rate"": 0.01596950334578271, ""max_depth"": 4, ""n_estimators"": 443}","{""learning_rate"": 0.06272924049005918, ""max_depth"": 7, ""n_estimators"": 260}",20
6,rain_classification,XGBoostClassifier,9,14,0.45425853501797064,0.07065689555502712,,0.45425853501797064,False,"{""learning_rate"": 0.01596950334578271, ""max_depth"": 4, ""n_estimators"": 443}","{""learning_rate"": 0.09823025045826593, ""max_depth"": 8, ""n_estimators"": 352}",20
6,rain_classification,XGBoostClassifier,10,2,0.48002007386221524,0.04516763415171651,,0.48002007386221524,False,"{""learning_rate"": 0.01596950334578271, ""max_depth"": 4, ""n_estimators"": 443}","{""learning_rate"": 0.13526405540621358, ""max_depth"": 3, ""n_estimators"": 158}",20
6,rain_classification,XGBoostClassifier,11,8,0.4676249791653754,0.04891538536143816,,0.4676249791653754,False,"{""learning_rate"": 0.01596950334578271, ""max_depth"": 4, ""n_estimators"": 443}","{""learning_rate"": 0.1259596817974241, ""max_depth"": 10, ""n_estimators"": 287}",20
6,rain_classification,XGBoostClassifier,12,12,0.45777249705368783,0.05847473137630854,,0.45777249705368783,False,"{""learning_rate"": 0.01596950334578271, ""max_depth"": 4, ""n_estimators"": 443}","{""learning_rate"": 0.11624493455517058, ""max_depth"": 8, ""n_estimators"": 274}",20
6,rain_classification,XGBoostClassifier,13,19,0.44458393289955883,0.06317107646894551,,0.44458393289955883,False,"{""learning_rate"": 0.01596950334578271, ""max_depth"": 4, ""n_estimators"": 443}","{""learning_rate"": 0.1893319427065953, ""max_depth"": 6, ""n_estimators"": 154}",20
6,rain_classification,XGBoostClassifier,14,18,0.44701949826155013,0.03971204187351483,,0.44701949826155013,False,"{""learning_rate"": 0.01596950334578271, ""max_depth"": 4, ""n_estimators"": 443}","{""learning_rate"": 0.29513695688396857, ""max_depth"": 3, ""n_estimators"": 230}",20
6,rain_classification,XGBoostClassifier,15,10,0.46287359029924524,0.05026317293278385,,0.46287359029924524,False,"{""learning_rate"": 0.01596950334578271, ""max_depth"": 4, ""n_estimators"": 443}","{""learning_rate"": 0.25938271795353296, ""max_depth"": 9, ""n_estimators"": 120}",20
6,rain_classification,XGBoostClassifier,16,9,0.46342007331930946,0.042334687223568424,,0.46342007331930946,False,"{""learning_rate"": 0.01596950334578271, ""max_depth"": 4, ""n_estimators"": 443}","{""learning_rate"": 0.14064478307116746, ""max_depth"": 4, ""n_estimators"": 487}",20
6,rain_classification,XGBoostClassifier,17,7,0.4688661344766129,0.05978751152464244,,0.4688661344766129,False,"{""learning_rate"": 0.01596950334578271, ""max_depth"": 4, ""n_estimators"": 443}","{""learning_rate"": 0.28323850914860726, ""max_depth"": 8, ""n_estimators"": 341}",20
6,rain_classification,XGBoostClassifier,18,6,0.46900902833760466,0.03782527466154568,,0.46900902833760466,False,"{""learning_rate"": 0.01596950334578271, ""max_depth"": 4, ""n_estimators"": 443}","{""learning_rate"": 0.12177078573657565, ""max_depth"": 4, ""n_estimators"": 152}",20
6,rain_classification,XGBoostClassifier,19,4,0.4716281611078174,0.05368152006629856,,0.4716281611078174,False,"{""learning_rate"": 0.01596950334578271, ""max_depth"": 4, ""n_estimators"": 443}","{""learning_rate"": 0.0769592094304232, ""max_depth"": 6, ""n_estimators"": 466}",20
6,rain_classification,XGBoostClassifier,20,3,0.47981176417418026,0.0496847705280918,,0.47981176417418026,False,"{""learning_rate"": 0.01596950334578271, ""max_depth"": 4, ""n_estimators"": 443}","{""learning_rate"": 0.2081464204593829, ""max_depth"": 6, ""n_estimators"": 363}",20
7,temperature_regression,LinearRegression,1,1,,,,,True,StandardScaler + LinearRegression,StandardScaler + LinearRegression,20
7,temperature_regression,KNNRegressor,1,18,-4.289148278868245,0.830416956550942,4.289148278868245,,False,"{""model__n_neighbors"": 24, ""model__weights"": ""uniform""}","{""model__n_neighbors"": 9, ""model__weights"": ""distance""}",20
7,temperature_regression,KNNRegressor,2,10,-4.157329367656947,0.8098918721613828,4.157329367656947,,False,"{""model__n_neighbors"": 24, ""model__weights"": ""uniform""}","{""model__n_neighbors"": 17, ""model__weights"": ""uniform""}",20
7,temperature_regression,KNNRegressor,3,17,-4.270323764888475,0.8099989614279286,4.270323764888475,,False,"{""model__n_neighbors"": 24, ""model__weights"": ""uniform""}","{""model__n_neighbors"": 10, ""model__weights"": ""uniform""}",20
7,temperature_regression,KNNRegressor,4,4,-4.1214611076787175,0.8257988105769558,4.1214611076787175,,False,"{""model__n_neighbors"": 24, ""model__weights"": ""uniform""}","{""model__n_neighbors"": 23, ""model__weights"": ""uniform""}",20
7,temperature_regression,KNNRegressor,5,6,-4.140102743667293,0.8148071108818441,4.140102743667293,,False,"{""model__n_neighbors"": 24, ""model__weights"": ""uniform""}","{""model__n_neighbors"": 21, ""model__weights"": ""uniform""}",20
7,temperature_regression,KNNRegressor,6,14,-4.199785907279382,0.8338618842764569,4.199785907279382,,False,"{""model__n_neighbors"": 24, ""model__weights"": ""uniform""}","{""model__n_neighbors"": 13, ""model__weights"": ""uniform""}",20
7,temperature_regression,KNNRegressor,7,2,-4.120962692120257,0.8279024234689948,4.120962692120257,,False,"{""model__n_neighbors"": 24, ""model__weights"": ""uniform""}","{""model__n_neighbors"": 23, ""model__weights"": ""distance""}",20
7,temperature_regression,KNNRegressor,8,16,-4.263876804885293,0.8201661091610272,4.263876804885293,,False,"{""model__n_neighbors"": 24, ""model__weights"": ""uniform""}","{""model__n_neighbors"": 10, ""model__weights"": ""distance""}",20
7,temperature_regression,KNNRegressor,9,20,-4.397896296666657,0.8752810952157343,4.397896296666657,,False,"{""model__n_neighbors"": 24, ""model__weights"": ""uniform""}","{""model__n_neighbors"": 5, ""model__weights"": ""distance""}",20
7,temperature_regression,KNNRegressor,10,2,-4.120962692120257,0.8279024234689948,4.120962692120257,,False,"{""model__n_neighbors"": 24, ""model__weights"": ""uniform""}","{""model__n_neighbors"": 23, ""model__weights"": ""distance""}",20
7,temperature_regression,KNNRegressor,11,11,-4.191176973915474,0.828910151257761,4.191176973915474,,False,"{""model__n_neighbors"": 24, ""model__weights"": ""uniform""}","{""model__n_neighbors"": 14, ""model__weights"": ""distance""}",20
7,temperature_regression,KNNRegressor,12,19,-4.29023108878012,0.846162907353551,4.29023108878012,,False,"{""model__n_neighbors"": 24, ""model__weights"": ""uniform""}","{""model__n_neighbors"": 8, ""model__weights"": ""distance""}",20
7,temperature_regression,KNNRegressor,13,4,-4.1214611076787175,0.8257988105769558,4.1214611076787175,,False,"{""model__n_neighbors"": 24, ""model__weights"": ""uniform""}","{""model__n_neighbors"": 23, ""model__weights"": ""uniform""}",20
7,temperature_regression,KNNRegressor,14,11,-4.191176973915474,0.828910151257761,4.191176973915474,,False,"{""model__n_neighbors"": 24, ""model__weights"": ""uniform""}","{""model__n_neighbors"": 14, ""model__weights"": ""distance""}",20
7,temperature_regression,KNNRegressor,15,1,-4.12009923274478,0.8213547982778987,4.12009923274478,,True,"{""model__n_neighbors"": 24, ""model__weights"": ""uniform""}","{""model__n_neighbors"": 24, ""model__weights"": ""uniform""}",20
7,temperature_regression,KNNRegressor,16,13,-4.192352725610743,0.8230098715925197,4.192352725610743,,False,"{""model__n_neighbors"": 24, ""model__weights"": ""uniform""}","{""model__n_neighbors"": 14, ""model__weights"": ""uniform""}",20
7,temperature_regression,KNNRegressor,17,8,-4.15424563302277,0.811025179402854,4.15424563302277,,False,"{""model__n_neighbors"": 24, ""model__weights"": ""uniform""}","{""model__n_neighbors"": 19, ""model__weights"": ""uniform""}",20
7,temperature_regression,KNNRegressor,18,15,-4.213148982699879,0.832121521276027,4.213148982699879,,False,"{""model__n_neighbors"": 24, ""model__weights"": ""uniform""}","{""model__n_neighbors"": 12, ""model__weights"": ""distance""}",20
7,temperature_regression,KNNRegressor,19,7,-4.1534173500034886,0.8123213633335734,4.1534173500034886,,False,"{""model__n_neighbors"": 24, ""model__weights"": ""uniform""}","{""model__n_neighbors"": 18, ""model__weights"": ""uniform""}",20
7,temperature_regression,KNNRegressor,20,9,-4.156550209646296,0.8163114585406189,4.156550209646296,,False,"{""model__n_neighbors"": 24, ""model__weights"": ""uniform""}","{""model__n_neighbors"": 17, ""model__weights"": ""distance""}",20
7,temperature_regression,XGBoostRegressor,1,14,-4.05325005205164,1.0246754891056038,4.05325005205164,,False,"{""learning_rate"": 0.01596950334578271, ""max_depth"": 4, ""n_estimators"": 443}","{""learning_rate"": 0.11861663446573512, ""max_depth"": 7, ""n_estimators"": 370}",20
7,temperature_regression,XGBoostRegressor,2,18,-4.090877499775119,1.0379636388140414,4.090877499775119,,False,"{""learning_rate"": 0.01596950334578271, ""max_depth"": 4, ""n_estimators"": 443}","{""learning_rate"": 0.22227824312530747, ""max_depth"": 7, ""n_estimators"": 120}",20
7,temperature_regression,XGBoostRegressor,3,7,-4.014928323835867,0.9899759923862861,4.014928323835867,,False,"{""learning_rate"": 0.01596950334578271, ""max_depth"": 4, ""n_estimators"": 443}","{""learning_rate"": 0.055245405728306586, ""max_depth"": 5, ""n_estimators"": 314}",20
7,temperature_regression,XGBoostRegressor,4,9,-4.034756114924018,0.9684873129645918,4.034756114924018,,False,"{""learning_rate"": 0.01596950334578271, ""max_depth"": 4, ""n_estimators"": 443}","{""learning_rate"": 0.026844247528777843, ""max_depth"": 10, ""n_estimators"": 472}",20
7,temperature_regression,XGBoostRegressor,5,13,-4.047908458192755,0.9324337052113877,4.047908458192755,,False,"{""learning_rate"": 0.01596950334578271, ""max_depth"": 4, ""n_estimators"": 443}","{""learning_rate"": 0.18432335340553055, ""max_depth"": 10, ""n_estimators"": 230}",20
7,temperature_regression,XGBoostRegressor,6,1,-3.836551229761244,0.9502545746263341,3.836551229761244,,True,"{""learning_rate"": 0.01596950334578271, ""max_depth"": 4, ""n_estimators"": 443}","{""learning_rate"": 0.01596950334578271, ""max_depth"": 4, ""n_estimators"": 443}",20
7,temperature_regression,XGBoostRegressor,7,12,-4.047843333218998,0.9201835439875167,4.047843333218998,,False,"{""learning_rate"": 0.01596950334578271, ""max_depth"": 4, ""n_estimators"": 443}","{""learning_rate"": 0.2514083658321223, ""max_depth"": 8, ""n_estimators"": 485}",20
7,temperature_regression,XGBoostRegressor,8,6,-4.011929345340908,0.9384336905563267,4.011929345340908,,False,"{""learning_rate"": 0.01596950334578271, ""max_depth"": 4, ""n_estimators"": 443}","{""learning_rate"": 0.06272924049005918, ""max_depth"": 7, ""n_estimators"": 260}",20
7,temperature_regression,XGBoostRegressor,9,5,-4.009403954121734,0.9876431100977862,4.009403954121734,,False,"{""learning_rate"": 0.01596950334578271, ""max_depth"": 4, ""n_estimators"": 443}","{""learning_rate"": 0.09823025045826593, ""max_depth"": 8, ""n_estimators"": 352}",20
7,temperature_regression,XGBoostRegressor,10,2,-3.935902359818873,0.9715704382986038,3.935902359818873,,False,"{""learning_rate"": 0.01596950334578271, ""max_depth"": 4, ""n_estimators"": 443}","{""learning_rate"": 0.13526405540621358, ""max_depth"": 3, ""n_estimators"": 158}",20
7,temperature_regression,XGBoostRegressor,11,8,-4.023380268092261,0.914294624896541,4.023380268092261,,False,"{""learning_rate"": 0.01596950334578271, ""max_depth"": 4, ""n_estimators"": 443}","{""learning_rate"": 0.1259596817974241, ""max_depth"": 10, ""n_estimators"": 287}",20
7,temperature_regression,XGBoostRegressor,12,4,-3.9824022310666485,0.8895279679186572,3.9824022310666485,,False,"{""learning_rate"": 0.01596950334578271, ""max_depth"": 4, ""n_estimators"": 443}","{""learning_rate"": 0.11624493455517058, ""max_depth"": 8, ""n_estimators"": 274}",20
7,temperature_regression,XGBoostRegressor,13,20,-4.116891156642189,0.9810771024476982,4.116891156642189,,False,"{""learning_rate"": 0.01596950334578271, ""max_depth"": 4, ""n_estimators"": 443}","{""learning_rate"": 0.1893319427065953, ""max_depth"": 6, ""n_estimators"": 154}",20
7,temperature_regression,XGBoostRegressor,14,19,-4.107693818858,0.9496049248992704,4.107693818858,,False,"{""learning_rate"": 0.01596950334578271, ""max_depth"": 4, ""n_estimators"": 443}","{""learning_rate"": 0.29513695688396857, ""max_depth"": 3, ""n_estimators"": 230}",20
7,temperature_regression,XGBoostRegressor,15,17,-4.075438520400246,0.8859686430503038,4.075438520400246,,False,"{""learning_rate"": 0.01596950334578271, ""max_depth"": 4, ""n_estimators"": 443}","{""learning_rate"": 0.25938271795353296, ""max_depth"": 9, ""n_estimators"": 120}",20
7,temperature_regression,XGBoostRegressor,16,10,-4.03990242705216,0.8686842193269957,4.03990242705216,,False,"{""learning_rate"": 0.01596950334578271, ""max_depth"": 4, ""n_estimators"": 443}","{""learning_rate"": 0.14064478307116746, ""max_depth"": 4, ""n_estimators"": 487}",20
7,temperature_regression,XGBoostRegressor,17,15,-4.0619869140789895,0.8734571325810785,4.0619869140789895,,False,"{""learning_rate"": 0.01596950334578271, ""max_depth"": 4, ""n_estimators"": 443}","{""learning_rate"": 0.28323850914860726, ""max_depth"": 8, ""n_estimators"": 341}",20
7,temperature_regression,XGBoostRegressor,18,3,-3.968776801097172,0.9597385282217282,3.968776801097172,,False,"{""learning_rate"": 0.01596950334578271, ""max_depth"": 4, ""n_estimators"": 443}","{""learning_rate"": 0.12177078573657565, ""max_depth"": 4, ""n_estimators"": 152}",20
7,temperature_regression,XGBoostRegressor,19,11,-4.046374494759808,1.0183071890541515,4.046374494759808,,False,"{""learning_rate"": 0.01596950334578271, ""max_depth"": 4, ""n_estimators"": 443}","{""learning_rate"": 0.0769592094304232, ""max_depth"": 6, ""n_estimators"": 466}",20
7,temperature_regression,XGBoostRegressor,20,16,-4.062886243820889,0.9417687132213857,4.062886243820889,,False,"{""learning_rate"": 0.01596950334578271, ""max_depth"": 4, ""n_estimators"": 443}","{""learning_rate"": 0.2081464204593829, ""max_depth"": 6, ""n_estimators"": 363}",20
7,rain_classification,LogisticRegression,1,1,0.5355544683214263,0.09381242997563148,,0.5355544683214263,True,"{""model__C"": 0.01}","{""model__C"": 0.01}",20
7,rain_classification,LogisticRegression,2,2,0.5173067440896456,0.10372009409518439,,0.5173067440896456,False,"{""model__C"": 0.01}","{""model__C"": 0.1}",20
7,rain_classification,LogisticRegression,3,3,0.5044620073811861,0.09719805334235258,,0.5044620073811861,False,"{""model__C"": 0.01}","{""model__C"": 1.0}",20
7,rain_classification,LogisticRegression,4,5,0.4918814398574284,0.10465721269604863,,0.4918814398574284,False,"{""model__C"": 0.01}","{""model__C"": 10.0}",20
7,rain_classification,LogisticRegression,5,4,0.4943726818223813,0.10072281101018297,,0.4943726818223813,False,"{""model__C"": 0.01}","{""model__C"": 100.0}",20
7,rain_classification,SVM,1,1,0.548524742518203,0.07377419958633785,,0.548524742518203,True,"{""model__C"": 0.1, ""model__kernel"": ""linear""}","{""model__C"": 0.1, ""model__kernel"": ""linear""}",20
7,rain_classification,SVM,2,7,0.45876592693412566,0.1961170850702957,,0.45876592693412566,False,"{""model__C"": 0.1, ""model__kernel"": ""linear""}","{""model__C"": 0.1, ""model__kernel"": ""rbf""}",20
7,rain_classification,SVM,3,2,0.53504220787623,0.08287302606738366,,0.53504220787623,False,"{""model__C"": 0.1, ""model__kernel"": ""linear""}","{""model__C"": 1.0, ""model__kernel"": ""linear""}",20
7,rain_classification,SVM,4,5,0.5184590724502047,0.09856029525143706,,0.5184590724502047,False,"{""model__C"": 0.1, ""model__kernel"": ""linear""}","{""model__C"": 1.0, ""model__kernel"": ""rbf""}",20
7,rain_classification,SVM,5,3,0.5205359480205216,0.08050204525110066,,0.5205359480205216,False,"{""model__C"": 0.1, ""model__kernel"": ""linear""}","{""model__C"": 10.0, ""model__kernel"": ""linear""}",20
7,rain_classification,SVM,6,6,0.47526018875368814,0.07815678048974829,,0.47526018875368814,False,"{""model__C"": 0.1, ""model__kernel"": ""linear""}","{""model__C"": 10.0, ""model__kernel"": ""rbf""}",20
7,rain_classification,SVM,7,4,0.519009764905563,0.07943104168674718,,0.519009764905563,False,"{""model__C"": 0.1, ""model__kernel"": ""linear""}","{""model__C"": 100.0, ""model__kernel"": ""linear""}",20
7,rain_classification,SVM,8,8,0.4554656745904551,0.05140112927271738,,0.4554656745904551,False,"{""model__C"": 0.1, ""model__kernel"": ""linear""}","{""model__C"": 100.0, ""model__kernel"": ""rbf""}",20
7,rain_classification,XGBoostClassifier,1,15,0.4437341900530404,0.08447463105030774,,0.4437341900530404,False,"{""learning_rate"": 0.01596950334578271, ""max_depth"": 4, ""n_estimators"": 443}","{""learning_rate"": 0.11861663446573512, ""max_depth"": 7, ""n_estimators"": 370}",20
7,rain_classification,XGBoostClassifier,2,20,0.42912513962115434,0.0851775771490961,,0.42912513962115434,False,"{""learning_rate"": 0.01596950334578271, ""max_depth"": 4, ""n_estimators"": 443}","{""learning_rate"": 0.22227824312530747, ""max_depth"": 7, ""n_estimators"": 120}",20
7,rain_classification,XGBoostClassifier,3,5,0.4557216345257625,0.0952167056377859,,0.4557216345257625,False,"{""learning_rate"": 0.01596950334578271, ""max_depth"": 4, ""n_estimators"": 443}","{""learning_rate"": 0.055245405728306586, ""max_depth"": 5, ""n_estimators"": 314}",20
7,rain_classification,XGBoostClassifier,4,3,0.4559736609486914,0.08690939728918964,,0.4559736609486914,False,"{""learning_rate"": 0.01596950334578271, ""max_depth"": 4, ""n_estimators"": 443}","{""learning_rate"": 0.026844247528777843, ""max_depth"": 10, ""n_estimators"": 472}",20
7,rain_classification,XGBoostClassifier,5,4,0.45593349018745205,0.08009035828300719,,0.45593349018745205,False,"{""learning_rate"": 0.01596950334578271, ""max_depth"": 4, ""n_estimators"": 443}","{""learning_rate"": 0.18432335340553055, ""max_depth"": 10, ""n_estimators"": 230}",20
7,rain_classification,XGBoostClassifier,6,1,0.4825213686364897,0.09100309446234871,,0.4825213686364897,True,"{""learning_rate"": 0.01596950334578271, ""max_depth"": 4, ""n_estimators"": 443}","{""learning_rate"": 0.01596950334578271, ""max_depth"": 4, ""n_estimators"": 443}",20
7,rain_classification,XGBoostClassifier,7,17,0.43457850280484445,0.06438566286143542,,0.43457850280484445,False,"{""learning_rate"": 0.01596950334578271, ""max_depth"": 4, ""n_estimators"": 443}","{""learning_rate"": 0.2514083658321223, ""max_depth"": 8, ""n_estimators"": 485}",20
7,rain_classification,XGBoostClassifier,8,13,0.4447467770212342,0.08114915970881413,,0.4447467770212342,False,"{""learning_rate"": 0.01596950334578271, ""max_depth"": 4, ""n_estimators"": 443}","{""learning_rate"": 0.06272924049005918, ""max_depth"": 7, ""n_estimators"": 260}",20
7,rain_classification,XGBoostClassifier,9,12,0.4488402444020461,0.07739903486062712,,0.4488402444020461,False,"{""learning_rate"": 0.01596950334578271, ""max_depth"": 4, ""n_estimators"": 443}","{""learning_rate"": 0.09823025045826593, ""max_depth"": 8, ""n_estimators"": 352}",20
7,rain_classification,XGBoostClassifier,10,2,0.4588397180400781,0.1083779795673717,,0.4588397180400781,False,"{""learning_rate"": 0.01596950334578271, ""max_depth"": 4, ""n_estimators"": 443}","{""learning_rate"": 0.13526405540621358, ""max_depth"": 3, ""n_estimators"": 158}",20
7,rain_classification,XGBoostClassifier,11,14,0.44463718778339995,0.08055812800713327,,0.44463718778339995,False,"{""learning_rate"": 0.01596950334578271, ""max_depth"": 4, ""n_estimators"": 443}","{""learning_rate"": 0.1259596817974241, ""max_depth"": 10, ""n_estimators"": 287}",20
7,rain_classification,XGBoostClassifier,12,7,0.4502059353035193,0.0727015535011106,,0.4502059353035193,False,"{""learning_rate"": 0.01596950334578271, ""max_depth"": 4, ""n_estimators"": 443}","{""learning_rate"": 0.11624493455517058, ""max_depth"": 8, ""n_estimators"": 274}",20
7,rain_classification,XGBoostClassifier,13,16,0.4411849207900348,0.06675507154314812,,0.4411849207900348,False,"{""learning_rate"": 0.01596950334578271, ""max_depth"": 4, ""n_estimators"": 443}","{""learning_rate"": 0.1893319427065953, ""max_depth"": 6, ""n_estimators"": 154}",20
7,rain_classification,XGBoostClassifier,14,18,0.43270286922105045,0.09272167826936016,,0.43270286922105045,False,"{""learning_rate"": 0.01596950334578271, ""max_depth"": 4, ""n_estimators"": 443}","{""learning_rate"": 0.29513695688396857, ""max_depth"": 3, ""n_estimators"": 230}",20
7,rain_classification,XGBoostClassifier,15,10,0.449556067001344,0.06740583407968773,,0.449556067001344,False,"{""learning_rate"": 0.01596950334578271, ""max_depth"": 4, ""n_estimators"": 443}","{""learning_rate"": 0.25938271795353296, ""max_depth"": 9, ""n_estimators"": 120}",20
7,rain_classification,XGBoostClassifier,16,6,0.45552111936200185,0.0698104783390426,,0.45552111936200185,False,"{""learning_rate"": 0.01596950334578271, ""max_depth"": 4, ""n_estimators"": 443}","{""learning_rate"": 0.14064478307116746, ""max_depth"": 4, ""n_estimators"": 487}",20
7,rain_classification,XGBoostClassifier,17,19,0.43215288204115765,0.0653672489537224,,0.43215288204115765,False,"{""learning_rate"": 0.01596950334578271, ""max_depth"": 4, ""n_estimators"": 443}","{""learning_rate"": 0.28323850914860726, ""max_depth"": 8, ""n_estimators"": 341}",20
7,rain_classification,XGBoostClassifier,18,8,0.44982754637229655,0.09888687707021282,,0.44982754637229655,False,"{""learning_rate"": 0.01596950334578271, ""max_depth"": 4, ""n_estimators"": 443}","{""learning_rate"": 0.12177078573657565, ""max_depth"": 4, ""n_estimators"": 152}",20
7,rain_classification,XGBoostClassifier,19,9,0.4497664745612597,0.0892832596509235,,0.4497664745612597,False,"{""learning_rate"": 0.01596950334578271, ""max_depth"": 4, ""n_estimators"": 443}","{""learning_rate"": 0.0769592094304232, ""max_depth"": 6, ""n_estimators"": 466}",20
7,rain_classification,XGBoostClassifier,20,11,0.4491589438024389,0.0697876264725068,,0.4491589438024389,False,"{""learning_rate"": 0.01596950334578271, ""max_depth"": 4, ""n_estimators"": 443}","{""learning_rate"": 0.2081464204593829, ""max_depth"": 6, ""n_estimators"": 363}",20
